"word","n"
"arctic",2287
"science",1959
"earth",1931
"instruments",1521
"1",1083
"surface",975
"laboratory",895
"situ",894
"oceans",835
"remote",788
"sensing",763
"field",729
"passive",718
"meters",715
"ice",713
"temperature",632
"minute",614
"ship",607
"hour",597
"detectors",584
"optical",583
"kilometer",578
"photon",572
"atmosphere",569
"cryosphere",567
NA,537
"climatologymeteorologyatmosphere",535
"environment",535
"oceanography",535
"cameras",532
"snow",527
"survey",522
"ocean",521
"atmospheric",512
"geoscientificinformation",498
"alaska",478
"biota",471
"30",446
"water",440
"station",436
"pressure",435
"depth",423
"meter",423
"daily",422
"image",422
"observatory",422
"annual",406
"glacier",405
"kilometers",386
"10",381
"soil",374
"camera",362
"monthly",361
"gravity",353
"wave",353
"sky",352
"asc",350
"probes",347
"ground",339
"terrestrial",335
"sensors",329
"hourly",327
"active",322
"frozen",317
"land",315
"aerial",307
"usgs",307
"profilers",302
"sounders",302
"sea",296
"100",284
"biosphere",280
"humidity",275
"grid",274
"mooring",272
"layer",268
"transect",263
"ctd",249
"lake",231
"chemistry",228
"tundra",228
"manned",227
"ecosystems",225
"loggers",220
"recorders",220
"500",218
"probe",217
"weekly",209
"moisture",207
"system",207
"unknown",203
"buoy",200
"measuring",200
"balance",197
"mass",194
"carbon",192
"acoustic",187
"sheets",183
"hydrosphere",182
"glaciers",180
"radiometers",180
"spectrometers",180
"250",171
"conductivity",169
"multiple",168
"thermistors",161
"ecology",148
"current",145
"permafrost",145
"alpine",144
"cover",144
"grids",144
"vectors",144
"rod",143
"aon",139
"ambient",132
"inlandwaters",132
"noise",132
"paleoclimate",132
"vegetation",132
"satellite",122
"data",119
"wind",118
"sediment",116
"models",111
"records",111
"drifting",110
"vertical",110
"chemical",109
"analyzers",107
"samplers",107
"soils",107
"climate",106
"observing",106
"sampling",105
"cast",104
"automated",103
"navigation",102
"tower",102
"circulation",101
"lakes",101
"profile",100
"sediments",100
"gps",98
"meteorological",96
"positioning",96
"processes",96
"hydrology",93
"aircraft",91
"density",89
"global",88
"acoustics",87
"greenland",86
"biological",84
"ecosystem",84
"radiation",84
"toolik",84
"corers",83
"radar",82
"hydrophones",81
"salinity",81
"gauges",79
"dynamics",78
"analyses",77
"aquatic",76
"marine",76
"ecological",74
"character",73
"oxygen",73
"thickness",73
"devices",72
"flux",72
"sheet",72
"weather",72
"periglacial",70
"indicators",68
"bathymetry",67
"coring",67
"air",65
"nitrogen",65
"erosion",64
"sedimentation",64
"dbo",63
"human",63
"noaa",63
"organic",63
"society",63
"toolikgis",63
"bathymetric",62
"community",62
"hypsography",62
"ans",61
"collectors",61
"dimensions",61
"grabbers",61
"height",61
"landscape",61
"traps",61
"biology",60
"melt",60
"net",60
"suspended",60
"transport",60
"classification",59
"river",59
"vapor",58
"core",57
"solids",57
"species",57
"degradation",56
"winds",56
"primary",55
"steel",55
"tape",55
"seawater",54
"content",53
"deposits",53
"dissolved",53
"entrainment",52
"permanent",52
"varve",52
"isotopes",51
"ancillary",50
"exchange",50
"hydrophone",50
"info",50
"plant",49
"stream",49
"benthic",47
"doppler",47
"eddy",47
"functions",47
"gas",47
"arcss",46
"cloud",46
"physical",46
"quality",46
"methane",45
"ncar",45
"analysis",44
"energy",44
"lter",44
"profiler",44
"automatic",43
"sonar",43
"animals",42
"fluxes",42
"fresh",42
"imagery",42
"avhrr",41
"nutrients",41
"productivity",41
"research",41
"turbidity",41
"zooplankton",41
"echo",40
"size",40
"adcp",39
"location",39
"trace",39
"covariance",38
"mammals",38
"matter",38
"properties",38
"spectroradiometers",38
"micrometeorology",37
"vertebrates",37
"carnivores",36
"cetaceans",36
"fire",36
"levels",36
"mixed",36
"population",36
"seals",36
"sounder",36
"walruses",36
"clouds",35
"co2",35
"echogram",35
"lions",35
"precipitation",35
"deep",34
"dioxide",34
"plankton",34
"ultraviolet",33
"convergence",32
"level",32
"compounds",31
"currents",31
"divergence",31
"kite",31
"biomass",30
"discharge",30
"gases",30
"bottles",29
"conductance",29
"flasks",29
"growth",29
"jars",29
"observations",29
"physics",29
"specific",29
"heat",28
"lidar",28
"model",28
"reflectance",28
"albedo",27
"budget",27
"chlorophyll",27
"gts",27
"limnology",27
"platforms",27
"social",27
"barometers",26
"beaufort",26
"biogeochemical",26
"cycles",26
"firn",26
"production",26
"50",25
"basin",25
"habitat",24
"photosynthetically",24
"streams",24
"thermocline",24
"trajectory",24
"laser",23
"licor",23
"ltreb",23
"north",23
"wetlands",23
"aerosol",22
"anemometers",22
"camp",22
"dmsp",22
"isotope",22
"ph",22
"sound",22
"thermal",22
"broadband",21
"chromatographs",21
"distributed",21
"liquid",21
"mackenzie",21
"microphysics",21
"moist",21
"niskin",21
"nitrate",21
"ozone",21
"ranging",21
"tree",21
"tussock",21
"types",21
"concentration",20
"cryospheric",20
"ek80",20
"elevation",20
"flow",20
"imagerybasemapsearthcover",20
"inorganic",20
"mesonet",20
"pam",20
"phenology",20
"populations",20
"pycnocline",20
"radiocarbon",20
"stable",20
"thermometers",20
"watercolumn",20
"agriculture",19
"coastal",19
"dbo5",19
"motion",19
"osmosampler",19
"peatlands",19
"plants",19
"solid",19
"speed",19
"bering",18
"chukchi",18
"disturbance",18
"kuparuk",18
"light",18
"par",18
"polar",18
"rain",18
"rivers",18
"thaw",18
"visual",18
"change",17
"glacial",17
"hydrocarbon",17
"index",17
"photography",17
"rangifer",17
"reindeer",17
"respiration",17
"sensor",17
"services",17
"sounding",17
"taimyr",17
"turbulence",17
"creek",16
"decadal",16
"deer",16
"direction",16
"environmental",16
"imaging",16
"stefansson",16
"tarandus",16
"watercolum",16
"detection",15
"freshwater",15
"hydrogen",15
"ion",15
"pyranometers",15
"runoff",15
"130",14
"archaeology",14
"boreal",14
"bottom",14
"common",14
"latitude",14
"masses",14
"nsf",14
"thermokarst",14
"aerosols",13
"ble",13
"evaporation",13
"forests",13
"geochemistry",13
"infrared",13
"island",13
"lagoon",13
"natural",13
"tools",13
"total",13
"western",13
"wet",13
"abundance",12
"assp",12
"atlantic",12
"borehole",12
"dry",12
"eos",12
"fluorescence",12
"hazards",12
"national",12
"nmc",12
"orbiters",12
"phytoplankton",12
"program",12
"wildlife",12
"accumulation",11
"altimeters",11
"characteristics",11
"chn",11
"elements",11
"estuaries",11
"forecast",11
"forest",11
"interview",11
"management",11
"microscopes",11
"movement",11
"nasa",11
"occurrence",11
"penetrating",11
"phosphorus",11
"radiative",11
"radio",11
"radiometer",11
"refuge",11
"ring",11
"settlements",11
"siberia",11
"transducers",11
"transects",11
"uv",11
"aqua",10
"buoys",10
"dbo3",10
"distribution",10
"elson",10
"forecasts",10
"garden",10
"gpr",10
"impacts",10
"interactions",10
"kaktovik",10
"larix",10
"microbial",10
"optics",10
"ponds",10
"pyrgeometers",10
"rate",10
"sedge",10
"strait",10
"video",10
"alkalinity",9
"archaeological",9
"behavior",9
"correlation",9
"cosmogenic",9
"cycling",9
"dbo4",9
"eurasian",9
"experiment",9
"fires",9
"geomorphic",9
"geophysics",9
"grain",9
"heath",9
"helicopter",9
"iss",9
"jago",9
"landforms",9
"leaf",9
"microwave",9
"nets",9
"nitrite",9
"photosynthesis",9
"quantum",9
"rings",9
"shelf",9
"shrub",9
"topography",9
"trawls",9
"warming",9
"14",8
"advection",8
"altitude",8
"ammonium",8
"antarctica",8
"biogeochemistry",8
"chamber",8
"charcoal",8
"colorimeters",8
"dbo6",8
"delta",8
"glaciology",8
"governance",8
"history",8
"infrastructure",8
"jarvis",8
"measurements",8
"meltwater",8
"network",8
"peters",8
"phosphate",8
"phosphorous",8
"pism",8
"planning",8
"resolution",8
"sampler",8
"scattering",8
"slope",8
"spatial",8
"treeline",8
"age",7
"airglow",7
"ais",7
"amsa",7
"attenuation",7
"avak",7
"barter",7
"bongo",7
"boundary",7
"carbonate",7
"cherskii",7
"diatoms",7
"economic",7
"equivalent",7
"fertilization",7
"food",7
"grazing",7
"herbivory",7
"holocene",7
"hydrographic",7
"imager",7
"indices",7
"invertebrates",7
"ioeb",7
"itex",7
"leaves",7
"macroinfauna",7
"magnetic",7
"mayoeak",7
"modis",7
"monoxide",7
"nabos",7
"nutrient",7
"particles",7
"particulate",7
"patterns",7
"pigments",7
"platform",7
"position",7
"ratio",7
"record",7
"resources",7
"rural",7
"salix",7
"silica",7
"simpson",7
"special",7
"ssmi",7
"sulfate",7
"tidewater",7
"traffic",7
"tropopause",7
"activity",6
"advanced",6
"aleutian",6
"analyzer",6
"anemometer",6
"aquifer",6
"ash",6
"bacteria",6
"barrow",6
"biospheric",6
"canopy",6
"column",6
"doc",6
"dust",6
"electromagnetic",6
"extent",6
"fishes",6
"fjord",6
"geochemical",6
"ii",6
"invasive",6
"irradiance",6
"larch",6
"leconte",6
"mountains",6
"native",6
"oceanographic",6
"ozonesondes",6
"pelagic",6
"piston",6
"radarsat",6
"reconstruction",6
"relative",6
"roughness",6
"sagavanirktok",6
"scanning",6
"sense",6
"sheba",6
"smoke",6
"sonic",6
"spectrometer",6
"structure",6
"surveying",6
"svalbard",6
"tem",6
"time",6
"utqiagvik",6
"webs",6
"acidic",5
"agricultural",5
"atwain",5
"beaches",5
"betula",5
"bone",5
"boreholes",5
"boundaries",5
"break",5
"carbonaceous",5
"climatology",5
"composition",5
"decomposition",5
"delineation",5
"dgps",5
"drilling",5
"dunes",5
"eastern",5
"expansion",5
"gelbstoff",5
"geochronology",5
"glauca",5
"greenhouse",5
"hydrography",5
"icebergs",5
"indigenous",5
"inflow",5
"islands",5
"isotopic",5
"mammal",5
"nana",5
"northern",5
"oxides",5
"pacific",5
"percolation",5
"rawinsonde",5
"ray",5
"reconstructions",5
"response",5
"severe",5
"siberian",5
"spruce",5
"storms",5
"subarctic",5
"sustainability",5
"teleconnections",5
"term",5
"thermohaline",5
"tidal",5
"tides",5
"tomography",5
"transmission",5
"transpiration",5
"twain",5
"underway",5
"viking",5
"white",5
"winter",5
"12",4
"20m",4
"acids",4
"american",4
"amino",4
"amount",4
"arcticus",4
"artifacts",4
"balloon",4
"basc",4
"birds",4
"bulk",4
"burning",4
"calm",4
"cap",4
"cdom",4
"chamberlin",4
"ci",4
"communication",4
"computed",4
"cooperative",4
"dalton",4
"dating",4
"debris",4
"deformation",4
"dendrochronology",4
"divisions",4
"drained",4
"evergreen",4
"extreme",4
"floes",4
"freeze",4
"fungi",4
"glaciochemistry",4
"grayling",4
"green",4
"highway",4
"historical",4
"hydrogeophysics",4
"insar",4
"inuit",4
"ions",4
"irms",4
"lands",4
"language",4
"laptev",4
"lithics",4
"macrofossils",4
"makarov",4
"meteorology",4
"microbe",4
"moderate",4
"multispectral",4
"normal",4
"nuclear",4
"nws",4
"observer",4
"oscillation",4
"pleistocene",4
"pond",4
"potential",4
"range",4
"reclamation",4
"restoration",4
"retention",4
"revegetation",4
"sap",4
"saturation",4
"sciences",4
"seasonally",4
"seismic",4
"sequence",4
"spectroradiometer",4
"stratigraphic",4
"stratigraphy",4
"succession",4
"summit",4
"table",4
"taku",4
"tethered",4
"thymallus",4
"tongue",4
"tracers",4
"transient",4
"transplant",4
"uas",4
"upward",4
"vanes",4
"velocity",4
"volume",4
"waves",4
"wildfires",4
"yukon",4
"1000",3
"18",3
"2016",3
"915mhz",3
"aboveground",3
"absorption",3
"accelerator",3
"administrative",3
"aeolian",3
"alt",3
"america",3
"ammonia",3
"ams",3
"animal",3
"aperture",3
"ar",3
"argon",3
"argos",3
"arm",3
"atigun",3
"atqasuk",3
"basal",3
"beavers",3
"biodiversity",3
"biogenic",3
"burns",3
"cajanderi",3
"canada",3
"capacity",3
"chromophoric",3
"collection",3
"compaction",3
"concentrations",3
"conservation",3
"continent",3
"conversion",3
"ct",3
"cultural",3
"cycle",3
"daphnia",3
"deflation",3
"destination",3
"deuterium",3
"disaster",3
"dna",3
"doe",3
"domain",3
"east",3
"electrical",3
"electron",3
"emissions",3
"enzyme",3
"eriophorum",3
"estimation",3
"extracellular",3
"facies",3
"fauna",3
"fco2",3
"fine",3
"fish",3
"floatplane",3
"flowering",3
"fluorometers",3
"foliar",3
"fragmentation",3
"geo",3
"geomorphology",3
"geoprofiler",3
"groundwater",3
"gth",3
"halogens",3
"horizons",3
"iceberg",3
"iceland",3
"imnavait",3
"indian",3
"instrument",3
"internal",3
"kelp",3
"kuskokwim",3
"lanscape",3
"lapse",3
"lead",3
"logging",3
"logs",3
"longitude",3
"longwave",3
"metals",3
"microalgae",3
"microstructure",3
"modeling",3
"moraines",3
"ms",3
"multichannel",3
"o2",3
"observational",3
"od1507",3
"operations",3
"orthomosaic",3
"oxide",3
"paroms",3
"particulates",3
"pcbs",3
"petermann",3
"petermann15",3
"photochemistry",3
"physiology",3
"pipeline",3
"political",3
"pollutant",3
"quickbird",3
"radial",3
"rass",3
"recruitment",3
"regional",3
"removal",3
"resonance",3
"resrch",3
"rocks",3
"root",3
"sami",3
"scrub",3
"seasonality",3
"series",3
"set",3
"shorelines",3
"shortwave",3
"shrubland",3
"silicate",3
"smmr",3
"smos",3
"snowfence",3
"solar",3
"southern",3
"stomatal",3
"stress",3
"submarine",3
"subsistence",3
"supprt",3
"susceptibility",3
"synthetic",3
"systems",3
"tenure",3
"terra",3
"tfs",3
"tide",3
"topographic",3
"trans",3
"united",3
"vaginatum",3
"visualization",3
"volcanic",3
"watersheds",3
"width",3
"woody",3
"zone",3
"10be",2
"13c",2
"148.8",2
"15n",2
"1980",2
"1d",2
"2",2
"3",2
"4dda",2
"69",2
"7",2
"ablation",2
"accumultion",2
"aes",2
"ages",2
"airborne",2
"algae",2
"amsr",2
"angiosperms",2
"arc",2
"archaea",2
"arcsees",2
"assembly",2
"attainmente",2
"augers",2
"aws",2
"band",2
"barchan",2
"barometric",2
"beacon",2
"beaver",2
"benthos",2
"beo",2
"beringia",2
"beryllium",2
"birnirk",2
"bivalves",2
"calanus",2
"canning",2
"cascade",2
"catchments",2
"channels",2
"chaoborus",2
"chem",2
"class",2
"cods",2
"color",2
"colville",2
"commodities",2
"connectivity",2
"cores",2
"crescentic",2
"crop",2
"cryostructures",2
"crystals",2
"curve",2
"cut",2
"cutter",2
"cyberinfrastructure",2
"cyclones",2
"dams",2
"deglaciation",2
"densification",2
"development",2
"dicots",2
"difference",2
"diffraction",2
"digital",2
"diversity",2
"dom",2
"dominant",2
"downscaling",2
"drainage",2
"drift",2
"drying",2
"dune",2
"e5",2
"ecotypes",2
"ectomycorrhizal",2
"edge",2
"edges",2
"education",2
"educational",2
"effects",2
"efficiency",2
"electra",2
"electricity",2
"elution",2
"era",2
"estuarine",2
"ethnography",2
"evapotranspiration",2
"famine",2
"features",2
"feng",2
"finned",2
"fisheries",2
"fjords",2
"flexpart",2
"floods",2
"foraminifera",2
"ftir",2
"gastropods",2
"genome",2
"geos",2
"gisp2",2
"glaciation",2
"goose",2
"greentracs",2
"gridded",2
"gross",2
"gyre",2
"haddocks",2
"halocarbons",2
"hazard",2
"herbivore",2
"hole",2
"hydrologic",2
"hyperboreus",2
"icp",2
"incoming",2
"increment",2
"institution",2
"interim",2
"inupiat",2
"kangerlussuaq",2
"kongsbreen",2
"kongsfjorden",2
"late",2
"lichen",2
"life",2
"logisti",2
"low",2
"mapper",2
"mapping",2
"meade",2
"mechanics",2
"metabolism",2
"microfossils",2
"minerals",2
"mitigation",2
"mixing",2
"mmp",2
"mobile",2
"mollusks",2
"monitoring",2
"moss",2
"multi",2
"mycorrhizal",2
"n2",2
"n308d",2
"neem",2
"neighbor",2
"nitrous",2
"normalized",2
"northeast",2
"northwest",2
"noxious",2
"nuclide",2
"oil",2
"outlet",2
"oxygen:argon",2
"pacmars",2
"pah",2
"particle",2
"paul",2
"peat",2
"pfas",2
"phenomena",2
"photogrammetry",2
"photometers",2
"photos",2
"plain",2
"plio",2
"poa",2
"polder",2
"pollen",2
"pore",2
"post",2
"potassium",2
"pratensis",2
"processing",2
"products",2
"profiles",2
"protists",2
"provenance",2
"quaternary",2
"radars",2
"radium",2
"receivers",2
"reciprocal",2
"recreation",2
"res",2
"riparian",2
"rna",2
"rodents",2
"rsl",2
"sar",2
"scale",2
"seal",2
"season",2
"sedimentary",2
"seismology",2
"shrubs",2
"site",2
"snowfall",2
"socioeconomics",2
"software",2
"south",2
"spectroscopy",2
"springs",2
"st",2
"storm",2
"structures",2
"studies",2
"surge",2
"swath",2
"synthesis",2
"tectonics",2
"teleconnection",2
"territories",2
"thematic",2
"thule",2
"tovs",2
"transfer",2
"transverse",2
"triple",2
"twin",2
"uav",2
"understory",2
"unmanned",2
"upper",2
"variation",2
"village",2
"virus",2
"watershed",2
"weathering",2
"wedges",2
"weeds",2
"wolverine",2
"woods",2
"xrf",2
"yun",2
"zev",2
"01",1
"1002",1
"103",1
"104",1
"107",1
"108",1
"109",1
"111",1
"112",1
"113",1
"114",1
"115",1
"116",1
"117",1
"118",1
"120",1
"125",1
"13",1
"142",1
"145",1
"146",1
"148.9",1
"14c",1
"15",1
"160",1
"164",1
"165",1
"166",1
"167",1
"168",1
"2011",1
"222",1
"226",1
"345",1
"346",1
"347",1
"37",1
"399",1
"3d",1
"4",1
"417",1
"431",1
"482",1
"486",1
"491",1
"5",1
"56",1
"6",1
"60",1
"68.7",1
"6hw",1
"74",1
"8",1
"91",1
"92",1
"93",1
"abrupt",1
"absorbing",1
"accelerometers",1
"acetylene",1
"acid",1
"acidification",1
"activities",1
"adaptive",1
"adjustment",1
"ak",1
"alaskan",1
"alcr",1
"alder",1
"alkanes",1
"alkenones",1
"allan",1
"allocation",1
"alnus",1
"amax",1
"ancient",1
"antarctic",1
"anticyclones",1
"aomip",1
"aphotic",1
"apparatus",1
"aquifers",1
"archeology",1
"arctcic",1
"arctica",1
"ark",1
"aromatic",1
"arrow",1
"arthropods",1
"asia",1
"asos",1
"assimilation",1
"association",1
"aster",1
"atovs",1
"aufies",1
"autoanalyzer",1
"avayalik",1
"avoided",1
"awqt",1
"backscatter",1
"baffin",1
"ball",1
"basins",1
"bathyphotometer",1
"bathythermographs",1
"bc",1
"beam",1
"beardmore",1
"bears",1
"bedload",1
"belowground",1
"bhrc",1
"biphenyls",1
"birch",1
"bivalve",1
"black",1
"blanqet",1
"blue",1
"bolometers",1
"braun",1
"breeding",1
"brightness",1
"brine",1
"bromine",1
"brooks",1
"brown",1
"bryophytes",1
"bubbles",1
"buildings",1
"bulb",1
"buoyant",1
"burn",1
"business",1
"c143",1
"ca",1
"cabin",1
"calculus",1
"calibration",1
"calving",1
"campsite",1
"canyon",1
"cape",1
"carbon:nitrogen",1
"carbonyl",1
"carex",1
"caribou",1
"carnivore",1
"casa",1
"cattle",1
"caves",1
"cell",1
"center",1
"centers",1
"central",1
"century",1
"cesium",1
"cesm",1
"channel",1
"chill",1
"chlorinated",1
"chlorine",1
"choice",1
"chromatograph",1
"chronology",1
"chugach",1
"chydorus",1
"citzen",1
"cladocera",1
"cladoceran",1
"clams",1
"classroom",1
"closing",1
"cmip6",1
"cn",1
"co2ndir",1
"coarse",1
"coefficients",1
"cold",1
"coldfoot",1
"colonization",1
"columbia",1
"commerce",1
"communications",1
"communities",1
"comp",1
"compasses",1
"complex",1
"computing",1
"connection",1
"conservative",1
"contaminant",1
"contingent",1
"continuous",1
"contours",1
"convection",1
"coordinate",1
"corridors",1
"council",1
"country",1
"coupled",1
"cretaceous",1
"crevasse",1
"cropping",1
"crust",1
"crustacean",1
"cryobot",1
"cryoseismology",1
"cryostratigraphy",1
"culturally",1
"cumulative",1
"curriculum",1
"cyanobacteria",1
"cyclonic",1
"cytometer",1
"d17o",1
"d18o",1
"d4",1
"dairy",1
"dark",1
"dataset",1
"dataviz",1
"davis",1
"days",1
"dbh",1
"dbo1",1
"dd",1
"ddts",1
"dead",1
"deadhorse",1
"declination",1
"deficit",1
"degree",1
"delivery",1
"demersal",1
"demo",1
"demographic",1
"denali",1
"densiometer",1
"dental",1
"department",1
"dependency",1
"depletion",1
"deserts",1
"detector",1
"determinations",1
"dew",1
"dic",1
"diet",1
"dimple",1
"discontinuous",1
"dispersion",1
"distance",1
"distrubance",1
"divide",1
"dog",1
"dogs",1
"doherty",1
"dorset",1
"dosimeter",1
"downscaled",1
"downwelling",1
"drew",1
"drifts",1
"drone",1
"drought",1
"dryas",1
"dynamic",1
"dynamical",1
"e1",1
"e2",1
"e4",1
"e6",1
"earthquakes",1
"ebullition",1
"ecodynamics",1
"economy",1
"eider",1
"eklutna",1
"ekman",1
"ellesmere",1
"emaiksoun",1
"emission",1
"emitted",1
"employment",1
"encroachment",1
"endangered",1
"energetics",1
"english",1
"enhanced",1
"ensemble",1
"entrepreneurship",1
"eolian",1
"epidemiologic",1
"equus",1
"er",1
"ericoid",1
"espenebrg",1
"estimate",1
"esturaries",1
"ethane",1
"etm",1
"eubosmina",1
"eurasia",1
"eurycercus",1
"event",1
"evolution",1
"excess",1
"exclosure",1
"exclusion",1
"exotic",1
"exp",1
"expendable",1
"exploration",1
"f4",1
"f5",1
"fallout",1
"family",1
"farmstead",1
"fdom",1
"feedbacks",1
"fellowships",1
"fen",1
"fertility",1
"fetch",1
"fixation",1
"flame",1
"flood",1
"fluorescent",1
"fluvial",1
"fluxesv",1
"fog",1
"fog1",1
"fog2",1
"fog3",1
"fog4",1
"fog5",1
"foggy",1
"footprint",1
"forage",1
"foraging",1
"forcing",1
"fork",1
"formation",1
"forms",1
"fossil",1
"foundation",1
"fourier",1
"foxes",1
"frequency",1
"fronts",1
"frost",1
"fuel",1
"functional",1
"fungal",1
"gage",1
"galciers",1
"gamma",1
"gateway",1
"gatherer",1
"gc",1
"gcms",1
"gcw",1
"genetic",1
"genomics",1
"geodetics",1
"geoecological",1
"geographic",1
"geomery",1
"geophsyics",1
"geosar",1
"geotraces",1
"gep",1
"ghg",1
"glacialis",1
"gnss",1
"golden",1
"gp8",1
"graduate",1
"grasslands",1
"growing",1
"gt",1
"gth101",1
"gth110",1
"gth153",1
"gth155",1
"gth156",1
"gth157",1
"gth158",1
"gth39",1
"gth46",1
"gth57",1
"gth58",1
"gth59",1
"gth60",1
"gth61",1
"gth62",1
"gth68",1
"gth75",1
"gth85",1
"gth86",1
"gth88",1
"gth90",1
"gth91",1
"gth98",1
"guage",1
"gulkana",1
"gyres",1
"habitats",1
"handling",1
"hanging",1
"haplogroups",1
"hardness",1
"hazen",1
"hchs",1
"headwater",1
"health",1
"heavy",1
"heritage",1
"hills",1
"hillslope",1
"hogs",1
"holding",1
"horn",1
"horse",1
"hot",1
"house",1
"hunter",1
"huslia",1
"hydrocarbons",1
"hydrogeochemistry",1
"i6",1
"i6hw",1
"i8",1
"icetrendr",1
"icing",1
"ignition",1
"ikroavik",1
"iliamna",1
"imb",1
"imnaviat",1
"implementation",1
"impurities",1
"imuruk",1
"inclination",1
"income",1
"incubation",1
"indicator",1
"inductively",1
"infiltration",1
"information",1
"initiation",1
"initiative",1
"insect",1
"institute",1
"instream",1
"intensity",1
"interface",1
"interior",1
"intermediate",1
"interoperability",1
"interpretation",1
"intertidal",1
"ionization",1
"islandica",1
"ismip6",1
"isotatic",1
"itelmen",1
"jan",1
"jorgenson",1
"kamchatka",1
"knowledge",1
"kolyma",1
"kongsvegen",1
"kronebreen",1
"labile",1
"labrador",1
"lamont",1
"landfast",1
"landsat",1
"latittude",1
"laurentide",1
"lawn",1
"ldeo",1
"leadership",1
"leads",1
"lemming",1
"lgm",1
"lignin",1
"line",1
"linguistics",1
"live",1
"livestock",1
"logger",1
"logistics",1
"loss",1
"lower",1
"lst",1
"lterlake",1
"luminescence",1
"luminous",1
"luna",1
"lunker",1
"magnaprobe",1
"magnetization",1
"major",1
"mammoth",1
"map",1
"mas",1
"masts",1
"matanuska",1
"maternal",1
"mayen",1
"mccall",1
"meanings",1
"mechanisms",1
"megafauna",1
"melting",1
"metabolomics",1
"metagenome",1
"metagenomics",1
"metallic",1
"meteorite",1
"meyers",1
"microbes",1
"microbiology",1
"microbiome",1
"microcomputed",1
"microflora",1
"microprobes",1
"microscopy",1
"microzooplankton",1
"mid",1
"middle",1
"midge",1
"mineral",1
"mineralization",1
"mineralogy",1
"minus",1
"momentum",1
"montane",1
"moorings",1
"moose",1
"moraine",1
"morning",1
"morphology",1
"msbsp",1
"mussels",1
"mwr",1
"myvatn",1
"n1",1
"n15",1
"names",1
"nanvarpak",1
"nares",1
"narwhal",1
"natrual",1
"ncei",1
"ndvi",1
"ne12",1
"ne14",1
"nee",1
"nesdis",1
"nipher",1
"nitric",1
"nodc",1
"nondispersive",1
"norse",1
"nox",1
"npz",1
"nrm",1
"nuclides",1
"observation",1
"observatories",1
"oce",1
"offs",1
"operational",1
"opp",1
"ornithurine",1
"osmosamplers",1
"otter",1
"outburst",1
"outreach",1
"oysters",1
"pack",1
"pag",1
"pahs",1
"palearctic",1
"paleocliamte",1
"paleoclimatology",1
"paleomagnetic",1
"paleomagnetism",1
"paleosols",1
"paleotsunami",1
"paleovegetation",1
"paleovirus",1
"palynology",1
"pamir",1
"pan",1
"park",1
"partition",1
"past",1
"pbde",1
"pci",1
"peak",1
"peatland",1
"peninsula",1
"peoples",1
"percent",1
"perceptions",1
"perch",1
"perched",1
"performance",1
"permeability",1
"persistent",1
"phaeopigments",1
"phantom",1
"phasmaviridae",1
"phasmavirus",1
"phenols",1
"phenuiviridae",1
"phlebovirus",1
"photic",1
"photo",1
"photometer",1
"phylogeography",1
"picea",1
"pigs",1
"placennames",1
"plasma",1
"pliocene",1
"plr",1
"plume",1
"plutonium",1
"pmel",1
"pointframe",1
"polarstern",1
"pole",1
"pollution",1
"polychlorinated",1
"polycyclic",1
"polygons",1
"polymers",1
"polynyas",1
"pops",1
"populationseagle",1
"porcesses",1
"porewater",1
"porosity",1
"porpoise",1
"poverty",1
"precipitable",1
"precipitaiton",1
"predation",1
"predators",1
"priming",1
"prog",1
"proglacial",1
"proxy",1
"psv",1
"public",1
"pumping",1
"pyrolysis",1
"quadrats",1
"quartz",1
"quota",1
"radiographs",1
"radiometric",1
"radionuclides",1
"radon",1
"rafted",1
"rates",1
"ratios",1
"reanalysis",1
"rebound",1
"recommendation",1
"recorder",1
"reference",1
"reflection",1
"reflections",1
"reforestation",1
"reformatting",1
"refraction",1
"regeneration",1
"regime",1
"remanent",1
"resilience",1
"responsive",1
"revitalization",1
"rich",1
"rime",1
"robotic",1
"roles",1
"roots",1
"russell",1
"russia",1
"s3",1
"s6",1
"sample",1
"sandpipers",1
"sasp",1
"sbe",1
"scenarios",1
"schrader",1
"scintillometer",1
"sclerochronology",1
"sdsu",1
"seafloor",1
"seaplane",1
"seas",1
"secondary",1
"secular",1
"seedlings",1
"segy",1
"sentinel",1
"sequencing",1
"service",1
"seward",1
"sg",1
"shear",1
"sheep",1
"simulation",1
"simulations",1
"simulator",1
"skin",1
"snags",1
"snowfences",1
"snowmelt",1
"soa",1
"societies",1
"socio",1
"solutes",1
"sonobuoy",1
"source",1
"southeast",1
"space",1
"spaceborne",1
"spacer",1
"spectral",1
"spectrometry",1
"speleothems",1
"spider",1
"spill",1
"spills",1
"spo",1
"spp",1
"sst",1
"stability",1
"stake",1
"stanford",1
"static",1
"stations",1
"status",1
"sterols",1
"stim",1
"stoichiometry",1
"storage",1
"strategies",1
"stratospheric",1
"streamflow",1
"streaming",1
"strength",1
"subfossil",1
"subglacial",1
"subsidence",1
"subspathacea",1
"substrate",1
"sulfide",1
"summer",1
"sun",1
"support",1
"surfrad",1
"surveys",1
"survival",1
"swamp",1
"swe",1
"tag",1
"tags",1
"talik",1
"taliks",1
"teacher",1
"televiewer",1
"teller",1
"temperatures",1
"temporal",1
"tendency",1
"tephra",1
"terminus",1
"termperature",1
"terrain",1
"test",1
"texture",1
"theodolite",1
"thermakarst",1
"thermocouples",1
"tilden",1
"tiller",1
"tilt",1
"tiros",1
"tm",1
"toed",1
"top",1
"tracing",1
"tracks",1
"trade",1
"traditional",1
"trails",1
"traits",1
"tram",1
"trampling",1
"transcribed",1
"transcriptome",1
"transducer",1
"transform",1
"transition",1
"transitions",1
"translated",1
"transmissometers",1
"transportation",1
"trees",1
"trophic",1
"tropical",1
"tropospheric",1
"trust",1
"tsunami",1
"tubutulik",1
"tutakoke",1
"u.s",1
"uhi",1
"uncertainty",1
"underwater",1
"ungulates",1
"university",1
"upcapsule",1
"uptake",1
"upwelling",1
"urals",1
"urban",1
"usability",1
"validation",1
"valuation",1
"values",1
"vanillic",1
"variability",1
"vehetation",1
"vehicle",1
"virtual",1
"viruses",1
"volatile",1
"volatilization",1
"vpr",1
"vulcan",1
"vulnerability",1
"wais",1
"waterbody",1
"waters",1
"waxes",1
"web",1
"webgis",1
"wedge",1
"west",1
"whoi",1
"willow",1
"wolf",1
"wolves",1
"workforce",1
"workshop",1
"world",1
"worldview",1
"wounded",1
"wrf",1
"xcp",1
"xray",1
"xxvi",1
"yedoma",1
"yenisei",1
"yugcetun",1
"yup'ik",1
"yupik",1
"zones",1
"zooarchaeology",1
