word1,word2,n
scan,sonar,211
dissolved,oxygen,202
timestamp,record,158
pressure,temperature,151
time,plot,147
probe,1,138
probe,2,138
air_temp,time,136
albedo,rn,135
batt_volt,ptemp,135
cnr4_t_c,cnr4_t_k,135
cnr4_t_k,long_up_corr,135
count,ndvi,135
long_dn,cnr4_t_c,135
long_dn_corr,rs_net,135
long_up,long_dn,135
long_up_corr,long_dn_corr,135
ndvi,sandvi,135
plot,count,135
ptemp,targetmv,135
record,batt_volt,135
rl_net,albedo,135
rn,air_temp,135
rs_net,rl_net,135
sbtempc,targtempc,135
short_dn,long_up,135
short_up,short_dn,135
targetmv,sbtempc,135
targtempc,short_up,135
sandvi,tram_distance,134
tram_distance,dist_corr,132
dist_corr,timestamp,128
temperature,salinity,112
oxygen,dissolved,101
depth,pressure,99
oxygen,percent,99
salinity,dissolved,99
percent,depth,98
wave,radiation,96
conductivity,probe,92
salinity,probe,92
temperature,probe,92
latitude,longitude,68
longitude,latitude,50
depth,depth,47
1,conductivity,46
1,salinity,46
1,temperature,46
2,conductivity,46
2,longitude,46
2,oxygen,46
date,cast,46
latitude,date,46
oxygen,salinity,46
cast,pressure,45
time,depth,45
date,time,39
rg_f,rg_gf,37
rh_f,rh_gf,37
ta_f,ta_gf,37
vpd_f,vpd_gf,37
layer,time,36
meter,simulated,36
model,layer,36
simulated,firn,36
mixing,ratio,34
record,float,30
wind,speed,28
firn,temperature,27
specific,conductance,27
tsoil_1_f,tsoil_1_gf,25
cnr4,temperature,24
difference,vegetation,24
normalized,difference,24
radiation,corrected,24
radiation,downwelling,24
short,wave,24
tram,distance,24
vegetation,index,24
agc_avg,c_spike,23
albedo,albedo_f,23
albedo_f,rnet,23
amp_h_f_tot,amp_l_f_tot,23
amp_l_f_tot,chopper_f_tot,23
battvolt_avg,battvolt_min,23
battvolt_min,tpanel,23
c_spike,q_spike,23
c_stationarity,q_stationarity,23
chopper_f_tot,detector_f_tot,23
co2,co2_f,23
co2_1,co2_1_f,23
co2_1_f,co2_1_gf,23
co2_1_gf,h2o_1,23
co2_f,co2_gf,23
co2_gf,rhocp,23
csat_error,c_stationarity,23
csat_warnings,irga_warnings,23
del_t_f,sig_lck_f_tot,23
detector_f_tot,pll_f_tot,23
dom,hhmm,23
doy,month,23
ebc,ta_1,23
fc,zol,23
fc_c,wpl_le,23
fc_cw,fc_cw_f,23
fc_cw_f,fc_cw_gf,23
fc_cw_gf,fc_cwb_gf,23
fc_cwb_gf,fc_cwbu_gf,23
fcle_freqresp,uw_c,23
footp,ebc,23
g1,g1_f,23
g1_f,g1_gf,23
g1_gf,g2,23
g2,g2_f,23
g2_f,g2_gf,23
g2_gf,g3,23
g3,g3_f,23
g3_f,g3_gf,23
g3_gf,g4,23
g4,g4_f,23
g4_f,g4_gf,23
g4_gf,swc_1,23
h_c,h_c_f,23
h_c_f,h_c_gf,23
h_c_gf,le_c,23
h_freqresp,fcle_freqresp,23
h2o_1,h2o_1_f,23
h2o_1_f,h2o_1_gf,23
h2o_1_gf,rg,23
hhmm,timestamp,23
irga_error,csat_error,23
irga_warnings,del_t_f,23
le,fc,23
le_c,fc_c,23
le_cw,le_cw_f,23
le_cw_f,le_cw_gf,23
le_cw_gf,wpl_fc,23
month,dom,23
n_tot,csat_warnings,23
pa,ws,23
pa_1,vp_1,23
par,par_f,23
par_f,par_gf,23
par_gf,par_totflx_tot,23
par_out,par_out_f,23
par_out_f,par_out_gf,23
par_out_gf,par_out_totflx_tot,23
par_out_totflx_tot,precip,23
par_totflx_tot,par_out,23
pll_f_tot,sync_f_tot,23
precip,precip_f,23
precip_f,snowd,23
q_spike,u_spike,23
q_stationarity,t_stationarity,23
record,battvolt_avg,23
rg,rg_f,23
rg_gf,rg_out,23
rg_out,rg_out_f,23
rg_out_f,rg_out_gf,23
rg_out_gf,rl,23
rh,rh_f,23
rh_gf,co2_1,23
rhocp,ust,23
rl,rl_f,23
rl_f,rl_gf,23
rl_gf,rl_out,23
rl_out,rl_out_f,23
rl_out_f,rl_out_gf,23
rl_out_gf,albedo,23
rnet,rnet_f,23
rnet_f,rnet_gf,23
rnet_gf,par,23
sdv,footp,23
sig_lck_f_tot,amp_h_f_tot,23
signal_quality,g1,23
snowd,snowd_f,23
snowd_f,snowd_gf,23
snowd_gf,signal_quality,23
solar_elevation,pa,23
swc_1,swc_1_f,23
swc_1_f,swc_1_gf,23
swc_1_gf,swc_2,23
swc_2,swc_2_f,23
swc_2_f,swc_2_gf,23
swc_2_gf,tsoil_1,23
sync_f_tot,agc_avg,23
t_spike,irga_error,23
t_stationarity,sdv,23
ta,ta_f,23
ta_1,ta_1_f,23
ta_1_f,ta_1_gf,23
ta_1_gf,pa_1,23
ta_gf,vp,23
tau,le,23
tau_c,h_c,23
tpanel,n_tot,23
tsoil_1,tsoil_1_f,23
tsoil_1_gf,tsoil_2,23
tsoil_2,tsoil_2_f,23
tsoil_2_f,tsoil_2_gf,23
tsoil_2_gf,tsurf,23
tsurf,tsurf_f,23
tsurf_f,tsurf_gf,23
tsurf_gf,ws_1,23
u_spike,v_spike,23
uw,tau,23
uw_c,tau_c,23
uw_freqr,h_freqresp,23
v_spike,w_spike,23
vp,vp_f,23
vp_1,vp_1_f,23
vp_1_f,vp_1_gf,23
vp_1_gf,vpd,23
vp_f,vp_gf,23
vp_gf,co2,23
vpd,vpd_f,23
vpd_gf,rh,23
w_spike,t_spike,23
wd,wd_f,23
wd_1,wd_1_f,23
wd_1_f,wd_1_gf,23
wd_1_gf,solar_elevation,23
wd_f,wd_gf,23
wd_gf,ta,23
wpl_fc,fc_cw,23
wpl_le,le_cw,23
ws,ws_f,23
ws_1,ws_1_f,23
ws_1_f,wd_1,23
ws_f,ws_gf,23
ws_gf,wd,23
zol,uw_freqr,23
mole,fraction,22
aux_1,aux_2,21
aux_2,aux_3,21
aux_3,aux_4,21
aux_4,aux_5,21
aux_5,aux_6,21
billion,ppb,21
fc_cwbu_gf,aux_1,21
ppb,source,21
dissolved,organic,18
lake,depth,18
soil,temperature,18
air,temperature,17
depth,lake,17
ice,core,17
sami,ph,17
fraction,time,16
ozone,mole,16
station,sampling,16
time,ozone,16
acetylene,mixing,15
alt,record,15
avg_cloudfraction,short,15
avg_iceeffectiveradius,float,15
avg_liqeffectiveradius,float,15
avg_retrieved_iwc,float,15
avg_retrieved_lwc,float,15
base,time,15
cloudphasemask,short,15
cloudretrievalmask,short,15
double,time,15
ethane,mixing,15
float,alt,15
float,avg_cloudfraction,15
float,avg_iceeffectiveradius,15
float,avg_liqeffectiveradius,15
float,avg_retrieved_iwc,15
float,avg_retrieved_lwc,15
float,heights,15
float,lat,15
gas,age,15
heights,float,15
instruments,float,15
integer,base,15
lat,record,15
offset,float,15
pressure,transducer,15
short,cloudphasemask,15
short,cloudretrievalmask,15
short,instruments,15
temperature,conductivity,15
time,double,15
time,height,15
time,offset,15
water,content,15
agc,co2,14
albedo_f,ws_1,14
co2,albedo_f,14
doy,hour,14
e_0,r_ref,14
fc,fc_freqr,14
fc_cw,qc_fc_cw,14
fc_cwu_f,fc_cwu_gf,14
fc_cwu_gf,qc_fc_cwu_gf,14
fc_freqr,rg_f,14
fp_neenight,fp_temp,14
fp_temp,e_0,14
g1_f,g2_f,14
g2_f,g3_f,14
g3_f,g4_f,14
gpp,gpp_f,14
h_c_f,qc_h_c_f,14
h_c_gf,qc_h_c_gf,14
h_freqr,le,14
hour,fc_cw,14
le,le_freqr,14
le_cw_f,qc_le_cw_f,14
le_cw_gf,qc_le_cw_gf,14
le_freqr,fc,14
pa_1,rg_out_f,14
par_f,par_out_f,14
par_out_f,precip,14
photosynthetically,active,14
potrad,fp_neenight,14
qc_fc_cw,fc_cwu_f,14
qc_h_c_f,h_c_gf,14
qc_h_c_gf,ust,14
qc_le_cw_f,le_cw_gf,14
qc_le_cw_gf,h_c_f,14
qc_rg_gf,vpd_f,14
qc_rh_gf,ta_f,14
qc_tau_c,tau,14
qc_vpd_gf,rh_f,14
r_ref,reco,14
reco,reco_f,14
reco_f,gpp,14
rg_gf,qc_rg_gf,14
rh_gf,qc_rh_gf,14
rnet_f,par_f,14
salinity,pressure,14
swc_1_f,swc_2_f,14
ta_gf,qc_ta_gf,14
tau,tau_freqr,14
tau_c,qc_tau_c,14
vpd_gf,qc_vpd_gf,14
water,equivalent,14
ws_1,wd,14
core,depth,13
fc_cwbnegu_f,fc_cwbnegu_gf,13
fc_cwbnegu_gf,qc_fc_cwbnegu_gf,13
precip,snowd_f,13
radiation,air,13
radiation,net,13
snowd_f,g1_f,13
water,vapor,13
albedo,total,12
battery,voltage,12
body,temperature,12
cm,corrected,12
corrected,tram,12
count,normalized,12
cs616_1,cs616_2,12
datalogger,panel,12
decagon,probe,12
depth,utm,12
detector,sensor,12
detrital,particulate,12
downwelling,wave,12
easting,utm,12
gram,ng,12
habitat,type,12
index,standardized,12
index,tram,12
infrared,detector,12
mv,output,12
net,radiation,12
net,short,12
northing,depth,12
panel,temperature,12
particulate,organic,12
qc_ta_gf,tsoil_f,12
qc_tsoil_gf,pa_1,12
radiation,albedo,12
radiation,cnr4,12
radiation,upwelling,12
rotation,count,12
sensor,body,12
speed,downwelling,12
speed,net,12
standardized,normalized,12
target,temperature,12
temperature,microcat,12
temperature,mv,12
temperature,time,12
thermopile,infrared,12
time,record,12
top,depth,12
total,net,12
transect,cm,12
transect,file,12
tsoil_f,tsoil_gf,12
tsoil_gf,qc_tsoil_gf,12
upwelling,short,12
utm,easting,12
utm,northing,12
vaisala,probe,12
voltage,datalogger,12
wd,cs616_1,12
wheel,rotation,12
conductance,profile,11
gpp_f,gpp_fqc,11
liquid,water,11
longitude,habitat,11
organic,carbon,11
time,sami,11
bottom,depth,10
depth,bottom,10
depth,gas,10
eastward,velocity,10
melt,layer,10
meter,water,10
northward,velocity,10
ratio,acetylene,10
ratio,error,10
sami,co2,10
site,plot,10
temperature,measurement,10
type,station,10
conductivity,potential,9
data,package,9
date,day,9
datetime,temperature,9
equivalent,index,9
fc_cwbu_f,fc_cwbu_gf,9
fc_cwbu_gf,qc_fc_cwbu_gf,9
firn,compaction,9
firn,density,9
firn,liquid,9
isotope,addition,9
kelvin,index,9
kg,m3,9
level,time,9
m3,index,9
measurement,level,9
measurements,firn,9
meter,index,9
node,station,9
number.of.node,thaw.depth,9
package,id,9
potential,temperature,9
qc_fc_cwbu_gf,fc_cwbnegu_f,9
qc_fc_cwu_gf,fc_cwbu_f,9
rg_out_f,rlong_f,9
rlong_f,rlong_out_f,9
rlong_out_f,rnet_f,9
role,begin,9
source,bb,9
station,date,9
surname,role,9
swc_2_f,tsoil_2_f,9
temperature,measurements,9
thaw.depth,cm,9
tsoil_2_f,agc,9
vegetation,classification,9
air,content,8
cm,number.of.node,8
column,position,8
concentration,flag,8
date,collected,8
depth,eastward,8
dry,mass,8
ebc,tau_c,8
fc_cwbexpu_f,fc_cwbexpu_gf,8
fc_cwbexpu_gf,qc_fc_cwbexpu_gf,8
firn,air,8
g1_str,g2_str,8
g2_str,swc_1_f,8
g4_f,g1_str,8
hummock,soil,8
lagoon,station,8
pressure,datetime,8
qc_fc_cwbexpu_gf,le_cw_f,8
qc_fc_cwbnegu_gf,fc_cwbexpu_f,8
sampling,priority,8
sampling,season,8
season,date,8
site,viper,8
station,lagoon,8
station,node,8
super,2016,8
swale,soil,8
time,recorded,8
ust,ebc,8
velocity,northward,8
viper,site,8
water,column,8
ammonia,concentration,7
cloud,top,7
collection,method,7
date,latitude,7
g1,t2,7
g2,t3,7
g3,t4,7
g4,t5,7
g5,t6,7
longitude,date,7
sinusoidal,grid,7
site,transect,7
station,latitude,7
t1,g1,7
t2,g2,7
t3,g3,7
t4,g4,7
t5,g5,7
t6,g6,7
top,10,7
2_s,1,6
basin,id,6
carbon,dioxide,6
collected,water,6
concentration,vaisala,6
conductivity,salinity,6
content,decagon,6
depth,cm,6
dioxide,concentration,6
g4_f,swc_1_f,6
ghaas,river,6
microcat,depth,6
microcat,salinity,6
microcat,temperature,6
percent,site,6
ph,date,6
ph,sami,6
pore,space,6
profile,2,6
profile,5,6
profile,6,6
river,basin,6
salinity,microcat,6
scale,vegetation,6
site,treatment,6
slug,test,6
soil,pore,6
soil,water,6
space,carbon,6
surface,temperature,6
temperature,decagon,6
temperature,vaisala,6
thaw,depth,6
unique,identifier,6
ust,tau_c,6
weight,daughter,6
age,ethane,5
block,plot,5
chlorine,concentration,5
co2,date,5
co2,temperature,5
core,identification,5
core,site,5
corrected,acetylene,5
cs616_2,potrad,5
data,flag,5
date,depth,5
delta,15n,5
delta,carbon,5
depth,measured,5
error,ethane,5
error,ice,5
error,solubility,5
ethane,error,5
g6,t7,5
hpa,temperature,5
ice,elevation,5
identification,top,5
method,station,5
modis,cloud,5
nitrite,concentration,5
north,america,5
optical,depth,5
oxygen,18,5
pco2,sami,5
ph,temperature,5
plant,species,5
plot,treatment,5
priority,data,5
profile,1,5
profile,3,5
profile,4,5
qc_fc_cwbnegu_gf,le_cw_f,5
ratio,ethane,5
rg_out_f,rnet_f,5
sami,pco2,5
sample,gas,5
sample,id,5
sea,surface,5
site,date,5
site,top,5
solubility,corrected,5
t7,g7,5
temperature,super,5
test,depth,5
transducer,time,5
um,stdev,5
water,temperature,5
18,isotope,4
2,specific,4
5,cm,4
belowground,material,4
block,fence,4
calcium,concentration,4
ci,ctleaf,4
class,level,4
co2,atmospheric,4
co2,flux,4
co2,system,4
conductance,time,4
corner,coordinates,4
cs616_2,t_surface,4
ctleaf,pari,4
day,tussock,4
depth,date,4
depth,melt,4
depth,o2,4
disc,ringwidth_mm,4
discharge,export,4
dominant,taxa,4
ease,grid,4
ecotype,tussock,4
effective,radius,4
foliar,material,4
layer,thickness,4
level,taxonomic,4
longitude,ghaas,4
longitude,salinity,4
material,collected,4
measurement,soil,4
month,latitude,4
nitrate,nitrite,4
nm,reflectance,4
notes,station,4
o2,sami,4
phosphate,concentration,4
photo,ci,4
pressure,retrieved,4
profile,7,4
profile,8,4
qc_fc_cwu_gf,fc_cwbnegu_f,4
ratio,core,4
reflectance,intensity,4
sbe45,salinity,4
shielding,quartz_g,4
silicate,concentration,4
site,melt,4
sodium,concentration,4
source,ff,4
spidertmt,temptmt,4
standard,deviation,4
sulfur,concentration,4
super,co2,4
swc_2_f,tsoil_2,4
system,sbe45,4
taxa,class,4
taxonomic,rank,4
thickness_cm,shielding,4
thousand,permil,4
top,pressure,4
transducer,date,4
transducer,slug,4
treatment,photo,4
tsoil_2,agc,4
tussock,site,4
tussock,treatment,4
vapor,mixing,4
velocity,date,4
wave,height,4
wave,period,4
wavelength,nm,4
wind,velocity,4
1,rain_mm,3
1,time,3
2,time,3
3,specific,3
3,time,3
4,specific,3
4,time,3
5,specific,3
5,time,3
6,specific,3
6,time,3
7,specific,3
aerosol,optical,3
airtemp_2m_c,rh_2m_,3
atmospheric,pc02,3
background,profile,3
background,specific,3
biomass,carbon,3
brightness_temperature,brightness_temperature,3
calculated,flux,3
carbon,13,3
carbon,14,3
carbon,concentration,3
carbon,percent,3
carbon,total,3
ch4_flux,qc_ch4_flux,3
cloud,phase,3
coarse,scale,3
concentration,nitrate,3
conductivity,temperature,3
content,uncertainty,3
cs616_2,ch4_flux,3
daily,temperature,3
daughter,1,3
daughter,2,3
daughter,3,3
daughter,4,3
daughter,5,3
daughter,6,3
day,hour,3
day,sea,3
delta,13c,3
delta,oxygen,3
deviation,depth,3
down_conn,total_conn,3
east,north,3
fid,zone,3
fine,scale,3
flux,latitude,3
fraction,iodine,3
g7,t8,3
g8,t9,3
gpp_f,qc_gpp,3
hour,minute,3
ice,thickness,3
isotope,delta,3
julian,day,3
land,form,3
layer,depth,3
longitude,elevation,3
longitude,start,3
mass,concentration,3
measuredon_2013,07,3
measurement,date,3
mineral,date,3
mineral,soil,3
month,day,3
nanograms,gram,3
natural,abundance,3
ndvi,t1,3
ndvi,t2,3
pamir,ice,3
pc02,calculated,3
pctlakeare,up_conn,3
perimeter,totallakes,3
ppfd_umols_m,2_s,3
pressure,depth,3
pressure,sea,3
recorded,temperature,3
rh_2m_,ppfd_umols_m,3
salinity,wind,3
sea,pressure,3
site,depth,3
site,identifier,3
snow,accumulation,3
snow,depth,3
specific,conductivity,3
surf_geol,hydconn,3
t_10cm,t_20cm,3
t_20cm,t_40cm,3
t_5cm,t_10cm,3
t1,ndvi,3
t2,ndvi,3
t8,g8,3
t9,g9,3
temperature,standard,3
thickness,ice,3
time,airtemp_2m_c,3
time,block,3
time,tree1_dt_c,3
time,tsurf,3
timestamp,temperature,3
total,dissolved,3
total_conn,surf_geol,3
totallakes,pctlakeare,3
transect,dead,3
transect,live,3
treatment,block,3
tree1_dt_c,tree2_dt_c,3
tree2_dt_c,tree3_dt_c,3
tree3_dt_c,tree4_dt_c,3
tree4_dt_c,tree5_dt_c,3
tree5_dt_c,tree6_dt_c,3
tree6_dt_c,tree7_dt_c,3
tree7_dt_c,tree8_dt_c,3
tree8_dt_c,tree9_dt_c,3
tree9_dt_c,tree10_dt_c,3
tsurf,veast,3
unique,site,3
up_conn,down_conn,3
veast,vnorth,3
zone,catch_id,3
0,liquid,2
0.5x0.5,degrees,2
1,10,2
1,plfa,2
1,specific,2
1,weight,2
10,11851,2
10,wave,2
10.5194,acp,2
1000,hpa,2
10be_9be_ratio,10be_9be_ratio_uncertainty,2
10be_9be_ratio_uncertainty,blank_corrected_10be_concentration,2
11851,2010,2
13co2,14co2,2
14co2,plfa,2
15n,delta,2
2,cf_tl1_,2
2,isotope,2
2,plfa_14c,2
2,sg_sg2_,2
2,tl_tl2_,2
2,weight,2
223,signal,2
250,ice,2
3,weight,2
4,weight,2
5,weight,2
550,nm,2
6,weight,2
7,time,2
700,hpa,2
8,specific,2
850,hpa,2
absolute,pressure,2
abundance,delta,2
acid,concentration,2
acp,10,2
active,radiation,2
adjusted,thickness,2
agc_closed,pressdrop,2
age_ka,age_uncertainty,2
age_uncertainty,ams_facility,2
al,2010,2
alk_ueql,pco2_uatm,2
alkalinity,pco2,2
ammonium,concentration,2
ammonium,nitrate,2
ammonium,um,2
atmospheric,pco2,2
availability,total,2
average,natural,2
average,wave,2
avsoilmoisture,block,2
baseflow,month,2
bd,cm,2
bed,elevation,2
benthic,sediment,2
billion,mass,2
billion,nanograms,2
biomass,burning,2
biomass,wet,2
black,carbon,2
block,site,2
bn,rc,2
bromine,concentration,2
bromine,mole,2
ca_um,mg_um,2
carbon,latitude,2
cb,pf,2
ce,adjusted,2
ch4,flux,2
ch4_flux,ch4_flux_f,2
ch4_flux_gf,ch4_flux_gf_qc,2
ch4_flux_gf_qc,rssi,2
ch4_um,doc_um,2
chlorine,mole,2
chloroform,fumigated,2
classification,1979,2
classification,2015,2
classification,unique,2
cloud,droplets,2
cloud,liquid,2
cloud,optical,2
cm,dbh,2
cm,depth,2
co2,13co2,2
co2,alkalinity,2
co2,efflux,2
co2_dry,h2o_dry,2
co2_um,ch4_um,2
column,latitude,2
concentration,calcium,2
concentration,chlorine,2
concentration,collection,2
concentration,magnesium,2
concentration,oxygen,2
concentration,ph,2
concentration,phosphate,2
concentration,silicate,2
concentration,sodium,2
concentration,sulfur,2
cond_us,ph,2
conduct,salinity,2
conductivity,density,2
content,top,2
control,flag,2
coordinates,lower,2
core,black,2
core,corrected,2
corrected,intensity,2
correction,pht,2
correction,total,2
ct,pb,2
cumulative,discharge,2
current,heading,2
current,speed,2
date,icethickness,2
date,river,2
date,time_hr_dst,2
date,tree,2
day,plot,2
day,site,2
day,super,2
days,ammonium,2
dbh,cm,2
dd14cplfa,co2,2
decimal,day,2
decimal,format,2
degrees,cell,2
degrees,minutes,2
delta,deuterium,2
density,anomaly,2
depth,co2,2
depth,density,2
depth,ice,2
depth,increment,2
depth,incubated,2
depth,land,2
depth,length,2
depth,retrieved,2
depth,sami,2
depth,soil,2
depth,time,2
depth,water,2
depth_m,distance_km,2
details,doi,2
deuterium,excess,2
deuterium,hydrogen,2
dissolved,nitrogen,2
distance_km,elevation_m,2
doc_um,nh4_opa_um,2
doi,10.5194,2
dried,foliar,2
droplets,retrieved,2
dry,biomass,2
east,asia,2
easting,latitude,2
ecotype,treatment,2
elevation,1,2
elevation,data,2
elevation,horizontal,2
elevation_m,temp_c,2
elevation_m,thickness_cm,2
elevation_m_asl,thickness_cm,2
equator,column,2
equilibrator,pco2,2
equivalent,date,2
equivalent,meters,2
export,ease,2
export,river,2
fc_cwbu_gf,co2_dry,2
feature,type,2
fence,vegetation,2
flag,station,2
flux,replicate,2
form,timestamp,2
format,measured,2
fraction,bromine,2
fraction,modern,2
fumigated,soil,2
g6,ndvi,2
garden,ecotype,2
garden,source,2
glacier,terminus,2
grain,size,2
gram,ug,2
grid,column,2
grid,considered,2
grid,row,2
h2o_dry,agc_closed,2
heading,northward,2
horizontal,precision,2
hydconn,fid,2
hydrogen,2,2
hydrogen,peroxide,2
ice,pixels,2
icethickness,snowdepth,2
id,basin,2
id,date,2
id,latitude,2
identifier,local,2
identifier,native,2
increment,sample,2
incubation,temperature,2
industry,aod,2
insoluble,particle,2
intensity,thickness,2
intensity,uncertianty,2
intertussock,date,2
iodine,mole,2
isotope,d18o,2
isotope,ratio,2
kg,surface,2
latitude,time,2
layer,intensity,2
left,corner,2
length,width,2
line,elevation,2
line,latitude,2
line,longitude,2
liquid,pixels,2
literal,meaning,2
local,identifier,2
longitude,baseflow,2
longitude,co2,2
longitude,elevation_m,2
longitude,runoff,2
longitude,snow,2
longitude,soil,2
lower,depth,2
lp,vu,2
magnesium,concentration,2
mass,measured,2
material,twenty,2
maximum,ice,2
maximum,wave,2
meters,density,2
mg_um,na_um,2
microbial,biomass,2
micromoles,ammonium,2
micromoles,insoluble,2
micromoles,nitrate,2
na,mg,2
na_um,k_um,2
nh4_opa_um,po4_um,2
nitrate,concentrations,2
nitrate,phosphate,2
nitrate,um,2
nitric,acid,2
nitrite,um,2
nitrogen,collection,2
nitrogen,percent,2
no3_um,tdn_um,2
north,east,2
north,west,2
northing,easting,2
observation,date,2
organic,layer,2
organic,nitrogen_1,2
organic,nitrogen_10,2
organic,nitrogen_11,2
organic,nitrogen_12,2
organic,nitrogen_2,2
organic,nitrogen_3,2
organic,nitrogen_4,2
organic,nitrogen_5,2
organic,nitrogen_6,2
organic,nitrogen_7,2
organic,nitrogen_8,2
organic,nitrogen_9,2
oxygen,isotope,2
oxygen,saturation,2
par,dist_corr,2
particle,concentration,2
path,cloud,2
pb,cb,2
pc_ugl,pn_ugl,2
pch4_uatm,co2_um,2
pco2,equilibrator,2
pco2_uatm,pch4_uatm,2
permil,delta,2
permil,sodium,2
peroxide,concentration,2
pf,en,2
ph,alk_ueql,2
phosphate,um,2
phosphorus,percent,2
pht,ω_calcite,2
pigment,concentration,2
plfa,1,2
plfa,2,2
plfa,sample,2
plfa_14c,dd14cplfa,2
plot,block,2
plot,loc,2
plot,replicate,2
plot,trt,2
pn_ugl,pp_um,2
po4_um,no3_um,2
pop,warmed,2
population,warming,2
position,chlorophyll,2
position,delta,2
position,dissolved,2
pp_um,ca_um,2
precision,notes,2
precision,vertical,2
pres,temp,2
pressdrop,pumponflag,2
priority,station,2
profile,background,2
pumponflag,vibonflag,2
qc_ch4_flux,rssi,2
qc_ta_gf,tsoil_1_f,2
qc_tsoil_1_gf,pa_1,2
quality,control,2
ratio,d18o,2
rc,ct,2
replicate,treatment,2
river,cumulative,2
river,discharge,2
root,biomass,2
row,ease,2
rssi,potrad,2
runoff,month,2
salinity,depth,2
salinity,pco2,2
salinity,ship's,2
salinity,temperature,2
sample,depth,2
sample,size,2
sample_id,latitude_north,2
samples,co2,2
season,tussock,2
sediment,grams,2
ship's,sst,2
significant,wave,2
silicate,um,2
simple,correction,2
sinusoidal,gridcell,2
site,pop,2
site,station,2
site,tree,2
size,mm,2
size,plfa,2
sla,leaf,2
snow,water,2
so4_um,cl_um,2
soil,depth,2
soil,profile,2
soil,total,2
solar,radiation,2
sortchem,site,2
sound,specific,2
source,tussock,2
sp,lp,2
species,ramet,2
specific,humidity,2
speed,air,2
speed,current,2
speed,threshold,2
square,meter,2
sst,co2,2
sst,simple,2
start,depth,2
stereo,image,2
stop,depth,2
strontium,concentration,2
subregion,site_id,2
surface,melt,2
surface,pressure,2
surface,stop,2
t_40cm,airt,2
t_surface,ch4_flux,2
t_surface,potrad,2
tdn_um,tdp_um,2
tdp_um,pc_ugl,2
temp,conduct,2
temp_c,cond_us,2
temperature,chl,2
temperature,dissolved,2
temperature,ghaas,2
temperature,notes,2
temperature,pco2,2
temperature,pressure,2
temptmt,location,2
term,average,2
term,organic,2
terminus,location,2
thawed,organic,2
thickness,maximum,2
time,chlorine,2
time,pres,2
time_hr_dst,depth_m,2
timestamp,water,2
top,5,2
top,temperature,2
topographic,feature,2
total,co2,2
total,dominant,2
total,nitrogen,2
total,organic,2
tram_distance,par,2
transducer,depth,2
transplant,garden,2
treatment,co2,2
treatment,plot,2
treatment,sla,2
treatment,species,2
treatment,t1,2
treatment,tree,2
tsoil_1_gf,qc_tsoil_1_gf,2
tussock,intertussock,2
type,treatment,2
uncalibrated,age,2
vapor,d2h,2
vapor,deuterium,2
vapor,flow,2
vegetation,type,2
velocity,eastward,2
vertical,precision,2
vnorth,date,2
vu,vvi,2
vvi,bn,2
warmed,t1,2
warming,t_5cm,2
water,path,2
watershed,site,2
watershed,subregion,2
wd,potrad,2
weight,dominant,2
west,north,2
wet,weight,2
width,fine,2
yugcetun,english,2
ω_calcite,ω_aragonite,2
0,length,1
0,weight,1
01,total,1
07,13,1
07,15,1
07,17,1
08,01,1
1,24,1
1,a254,1
1,a350,1
1,a365,1
1,a375,1
1,a412,1
1,a440,1
1,ch4,1
1,cond_mmol_m,1
1,january,1
1,leaf,1
1,length,1
1,par,1
10,cf_cf1_20,1
10,cf_sg1_,1
10,cf_tl1_20,1
10,sg_cf1_,1
10,sg_cf2_,1
10,sg_sg1_,1
10,sg_tl1_20,1
10,sg_tl2_,1
10,tl_cf1_,1
10,tl_sg1_20,1
10,tl_sg2_,1
10.1029,1999jc900081,1
10be,concentration,1
10be_9be,ratio_uncertainty,1
10be_9be_ratio,10be_atoms,1
10be_9be_ratio,ratio_uncertainty,1
10be_atoms,samples,1
10be_cocentration_uncertainty,lm_age_ka,1
10be_concentration,10be_cocentration_uncertainty,1
10be_concentration_uncertainty,age_ka,1
10be_concetration,10be,1
13,measuredon_2013,1
13,percent,1
13c,average,1
13c,carbon,1
13c,plot,1
14,error,1
14,uncalibrated,1
14c_plfa,branched,1
15,measuredon_2013,1
15n,nitrogen,1
16,sea,1
17,measuredon_2013,1
179,signal,1
18,delh,1
18,notes,1
181,signal,1
18o,delta,1
18s,rrna,1
1952,coarse,1
1952,fine,1
1979,coarse,1
1979,fine,1
1999,doi,1
1999jc900081,aerosol,1
1to15,treatment.temperature,1
2,background,1
2,cf_sg1_20,1
2,leaf,1
2,length,1
2,meter,1
2,plot,1
2,sg_cf1_20,1
2,sg_cf2_20,1
2,sg_tl1_,1
2,sg_tl2_,1
2,temperature,1
2,tl_cf1_20,1
2,tl_cf2_20,1
2,tl_sg2_,1
2,tl_sg2_20,1
2010,effective,1
2010,phase,1
2012,water,1
2015,coarse,1
2015,fine,1
2016,atmospheric,1
2016,co2,1
2016,flux,1
2016,latitude,1
2016,longitude,1
2016,salinity,1
2016,wind,1
24,cloud,1
24,hr,1
254,nm,1
271,time,1
28,ampl,1
28s,rrna,1
3,leaf,1
3,length,1
380,nm,1
4,leaf,1
4,length,1
44,replicates,1
5,leaf,1
5,length,1
500,hpa,1
6,date,1
6,la,1
6,length,1
7,length,1
7,weight,1
8,depth,1
850hpa,kg,1
925,hpa,1
9be_added_mg,10be_9be_ratio,1
a_1,chlorophyll,1
a_10,chlorophyll,1
a_11,chlorophyll,1
a_2,chlorophyll,1
a_3,chlorophyll,1
a_4,chlorophyll,1
a_5,chlorophyll,1
a_6,chlorophyll,1
a_7,chlorophyll,1
a_8,chlorophyll,1
a_9,chlorophyll,1
ablation,rate,1
abundance,biomass,1
abundance,foliar,1
abundance,total,1
accelerator,mass,1
accumulated,freezing,1
accumulation,meters,1
accumulation,september,1
acetate,formate,1
acid,signal,1
acquired,data,1
acquisition,date,1
active,radiation_1,1
active,radiation_10,1
active,radiation_11,1
active,radiation_12,1
active,radiation_2,1
active,radiation_3,1
active,radiation_4,1
active,radiation_5,1
active,radiation_6,1
active,radiation_7,1
active,radiation_8,1
active,radiation_9,1
addition,average,1
addition,d13c,1
addition,d15n,1
addition,date,1
addition,day,1
addition,delta,1
addition,lower,1
addition,percent,1
addition,percentage,1
addition,sampling,1
ag,al,1
age,c28,1
age,fraction,1
age,method,1
age_uncertainty_ka,ams_facility,1
agricultural,waste,1
air,dry,1
air,pressure,1
air,sample,1
airborne,topographic,1
airt,gc,1
airt,snowdepth_gapfilled,1
airt,umolesco2,1
airtc_avg,rh_avg,1
akst,clo,1
al,1999,1
albedo_avg,cg3upco_avg,1
alpha,coefficient,1
alphaweair,alphaweice,1
alphaweice,weair,1
ambient,gcumolesco2,1
amine,availability,1
ammonium,blank,1
ammonium,day,1
ammonium_1,ammonium_2,1
ammonium_10,ammonium_11,1
ammonium_11,ammonium_12,1
ammonium_2,ammonium_3,1
ammonium_3,ammonium_4,1
ammonium_4,ammonium_5,1
ammonium_5,ammonium_6,1
ammonium_6,ammonium_7,1
ammonium_7,ammonium_8,1
ammonium_8,ammonium_9,1
ammonium_9,ammonium_10,1
ammonium_blankcorrected,nitrate_blankcorrected,1
ammonium_per_day,nitrate_per_day,1
ampl,28,1
ampl,44,1
ams_facility,latitude,1
ams_facility,sample_id,1
analytical,uncertainty,1
annual,net,1
annual,snow,1
anomaly,conductivity,1
anomaly,station,1
anomaly,temperature,1
aod,residential,1
applicable,range,1
approximate,date,1
areal,basis,1
aspect,deg,1
atm,ice,1
atm,lidar,1
august,winter,1
availability,po4,1
average,air,1
average,annual,1
average,d15n,1
average,daily,1
average,thaw,1
b_glucosidase,n_acetyl_glucosaminidase,1
ba,la,1
background,2,1
background,reading,1
bacterialbiomass,fungalbiomass,1
barometric,absolute,1
basis,flag,1
basis,pigment,1
battery,temperature,1
be_9_added,milligrams,1
bearing,velocity,1
bi,decadal,1
biomass,nitrogen,1
biomass,transect,1
blank,ammonium,1
blank,nitrate,1
blank,phosphate,1
blank_corrected_10be_,concentration_uncertainty,1
blank_corrected_10be_concentration,10be_concentration_uncertainty,1
blank_corrected_10be_concentration,atoms,1
block,color,1
block,harvest,1
block,soil_depth,1
block,tissue,1
body,type,1
bone,element,1
bounding,boxes,1
boxes,site,1
bp_mbar_avg,ws_ms_avg,1
br2,br2,1
br2,uncertainty,1
branched,mono,1
brcl,brcl,1
brcl,uncertainty,1
brightness_temperature,short,1
bro,bro,1
bro,uncertainty,1
buds,mass,1
burning,aod,1
burning,bb,1
burning,specific,1
c_c1_10,c_c1_20,1
c_c1_20,c_s1_10,1
c_mass,ug,1
c_s1_10,c_s1_2,1
c_s1_2,c_t1_10,1
c_t1_10,c_t1_2,1
c_t1_2,s_c1_10,1
c28,fatty,1
ca,gardenmeangasex,1
ca,mg,1
ca,ti,1
ca44,intensity,1
calanus,hyperboreus,1
calcium,carbonate,1
calibrated,conductivity,1
calving,rate,1
calving,submarine,1
canopy,cover,1
captured,image,1
carbon,absorbance,1
carbon,addition,1
carbon,data,1
carbon,microbial,1
carbon,water,1
carbon,weight,1
carbonate,site,1
carrier_added_g,10be_9be_ratio,1
carrier_concentration,10be_9be_ratio,1
carrier_g,10be_9be_ratio,1
carrier_g,carrier_concentration,1
category,latitude_dd,1
caught,species,1
cd,cs,1
cdr_cloud_binary_mask,solar_zenith_angle,1
ce,gc2015,1
ce,pr,1
cell,counts,1
celsius,salinity,1
center,profile,1
centerline,index,1
cf_cf1_,10,1
cf_cf1_,2,1
cf_cf1_20,cf_cf1_,1
cf_sg1_,10,1
cf_sg1_,2,1
cf_sg1_20,cf_sg1_,1
cf_tl1_,10,1
cf_tl1_,2,1
cf_tl1_20,sg_cf1_,1
cg3dn_avg,netrs_avg,1
cg3dnco_avg,temp0_avg,1
cg3up_avg,cg3dn_avg,1
cg3upco_avg,cg3dnco_avg,1
ch4_flux_f,ch4_flux_gf,1
ch4_flux_f,qc_ch4_flux,1
ch4_flux_f,qc_ch4_flux_f,1
ch4_flux_gf,qc_ch4_flux_gf,1
ch4_mol_fraction,potrad,1
ch4_mole_fraction,potrad,1
chamber,drying,1
chamber,type,1
chemistry,unit,1
chlorophyll,a_1,1
chlorophyll,a_10,1
chlorophyll,a_11,1
chlorophyll,a_12,1
chlorophyll,a_2,1
chlorophyll,a_3,1
chlorophyll,a_4,1
chlorophyll,a_5,1
chlorophyll,a_6,1
chlorophyll,a_7,1
chlorophyll,a_8,1
chlorophyll,a_9,1
citation,estimated,1
citation,information,1
cl,mg,1
cl2,cl2,1
cl2,uncertainty,1
class,tr_length,1
class,unique,1
classes,ecological,1
classification,1952,1
classification,description,1
classification,elevation,1
clno2,clno2,1
clno2,uncertainty,1
clo,clo,1
clo,uncertainty,1
clones,28s,1
cloud,fraction,1
cloud,mask,1
cloud,particle,1
cloud,pixel,1
cloud_optical_depth,float,1
cloud_particle_radius,float,1
cloud_top_pressure,float,1
cloud_top_temperature,short,1
cloud_type,float,1
cm,18s,1
cm,average,1
cm,easting,1
cm,fl,1
cm,leader,1
cm,litter,1
cm,mass,1
cm,maximum,1
cm,org,1
cm,sample,1
cm,site.code,1
cm,thaw,1
cm,width,1
cm3dn_avg,cg3up_avg,1
cm3up_avg,cm3dn_avg,1
cncode,d15n,1
co2,super,1
coastal,floodplain,1
coastal,shoreline,1
code,treatment,1
code,version,1
coefficient,accumulated,1
colldensity,avsoilmoisture,1
collected,ammonia,1
collected,data,1
collected,ph,1
collected,pigment,1
collection,shot,1
collection,type,1
colltype,colldensity,1
color,code,1
combustion,aod,1
comments,tar103_allele1,1
concentration,ammonia,1
concentration,carbon,1
concentration,delta,1
concentration,nitric,1
concentration,site,1
concentration,station,1
concentration,sulphate,1
concentration,total,1
concentration,uncertainty,1
concentration_uncertainty,atoms,1
cond_mmol_m,2_s,1
conductivity,data,1
conductivity,depth,1
conductivity,dgps,1
conductivity,speed,1
content,citation,1
content,residual,1
contributor,contributor,1
contributor,identifier,1
coordinates,bed,1
coordinates,upper,1
copepods_1,copepods_2,1
copepods_10,copepods_11,1
copepods_11,copepods_12,1
copepods_2,copepods_3,1
copepods_3,copepods_4,1
copepods_4,copepods_5,1
copepods_5,copepods_6,1
copepods_6,copepods_7,1
copepods_7,copepods_8,1
copepods_8,copepods_9,1
copepods_9,copepods_10,1
core,firn,1
counts,clones,1
cr,mn,1
cruise,identification,1
cruz,paleogenomics,1
cs,ba,1
ctrl,ctrl_se,1
ctrl_se,low,1
cu,zn,1
cushion,size,1
d13c,c_mass,1
d15n,collected,1
d15n,n_mass,1
d18o,water,1
d2h,water,1
d52003,site,1
daily,precipitation,1
daily,rainfall,1
data,calendar,1
data,collection,1
data,date,1
data,dates,1
data,describing,1
data,maximum,1
data,source,1
data,sources,1
data,station,1
data,total,1
dataset,upper,1
date,a250,1
date,absolute,1
date,alpha,1
date,ammonia,1
date,battery,1
date,caught,1
date,ch4,1
date,chlorophyll,1
date,code,1
date,data,1
date,days,1
date,depth_n,1
date,dry,1
date,harvested,1
date,hour,1
date,mean_thaw_cm,1
date,meangasex,1
date,microbial,1
date,mm,1
date,plot,1
date,rain,1
date,sample,1
date,satellite,1
date,site,1
date,tussock,1
date,utc,1
date,v1,1
date_time,ctrl,1
daugaard,jensen,1
day,1,1
day,block,1
day,nitrate,1
day,phosphate,1
day,radiation,1
day,t1,1
day,water,1
day,week,1
day_postfire,thaw_depth_uncorr,1
days,weather,1
days.post.fert,length.mm,1
dd,yyyy,1
dead,carbon,1
dead,nitrogen,1
dead,phosphorus,1
dead,root,1
decay,class,1
deg,aspect,1
deg,northness,1
degree,days,1
degree,kelvins,1
delo,18,1
delta,18o,1
delta,nitrogen,1
density,depth,1
density,ice,1
density,measurement,1
density_average,density_sd,1
density_sd,surfacetype,1
deployed,date,1
deposited,mass,1
depth,aod,1
depth,dissolved,1
depth,elevation,1
depth,lat,1
depth,meters,1
depth,modelled,1
depth,oxygen,1
depth,percent,1
depth,permeability,1
depth,salinity,1
depth,significant,1
depth,slug,1
depth,speed,1
depth,station,1
depth,tidal,1
depth_average,depth_sd,1
depth_m,depth_mweq,1
depth_mweq,sr,1
depth_n,density_average,1
depth_n,depth_average,1
depth_sd,depth_n,1
describing,visual,1
detection,limit,1
deuterium,delta,1
deuterium,isotope,1
devices,north,1
dgps,elevation,1
diag_77_mean,potrad,1
diam,decay,1
diatoms_1,diatoms_2,1
diatoms_10,diatoms_11,1
diatoms_11,diatoms_12,1
diatoms_2,diatoms_3,1
diatoms_3,diatoms_4,1
diatoms_4,diatoms_5,1
diatoms_5,diatoms_6,1
diatoms_6,diatoms_7,1
diatoms_7,diatoms_8,1
diatoms_8,diatoms_9,1
diatoms_9,diatoms_10,1
direction,photosynthetically,1
dissolved,phosphorus,1
doi,10.1029,1
doy,time,1
dry,warm,1
dry,wt,1
dry,wtd,1
drying,warming,1
duration,threshold,1
dynamic,1952,1
east,siberia,1
easting,northing,1
ecological,term,1
ecosystem,production,1
efficient,co2,1
efflux,post,1
eigenvalues,1,1
element,locality,1
elevation,dissolved,1
elevation,error,1
elevation,measurements,1
elevation,profile,1
elevation,thaw,1
elevation,water,1
ellipsoid,1,1
en,date,1
energy,notes,1
entry,unique,1
equivalence,approximate,1
equivalent,summer,1
error,1,1
error,carbon,1
error,delta,1
error,estimate,1
estimated,top,1
event,bi,1
excess,timestamp,1
ext_res_14c,tle_14c,1
extractable_oragnic_c,total_extractable_n,1
fac10,firn,1
facility,sample,1
family,indiv,1
fatty,acid,1
fe56,intensity,1
fence,chamber,1
fence,plot,1
fence,warming,1
fid,shape,1
fine,dead,1
fine,live,1
firn,core,1
firn,depth,1
firn,ice,1
fish,collection,1
fish_id,fish,1
fl,cm,1
flag,carbon,1
flag,nitrogen,1
flag,profile,1
flag,salinity,1
flag,temperature,1
flagellates_1,flagellates_2,1
flagellates_10,flagellates_11,1
flagellates_11,flagellates_12,1
flagellates_2,flagellates_3,1
flagellates_3,flagellates_4,1
flagellates_4,flagellates_5,1
flagellates_5,flagellates_6,1
flagellates_6,flagellates_7,1
flagellates_7,flagellates_8,1
flagellates_8,flagellates_9,1
flagellates_9,flagellates_10,1
float,cloud_optical_depth,1
float,cloud_particle_radius,1
float,cloud_top_pressure,1
float,cloud_top_temperature,1
float,surface_longwave_cloud_radiative_forcing,1
float,surface_shortwave_cloud_radiative_forcing,1
floodplain,coastal,1
flow,rate,1
flow,setting,1
flower,ttf,1
flowers,buds,1
floy,tag,1
flux,soil,1
flux,super,1
forest,carex,1
forest,gap,1
form,species,1
formate,oxalate,1
fossil,fuel,1
free,primary,1
freezing,degree,1
frontal,ablation,1
fs,fms,1
fuel,ff,1
functional,type,1
fungalbiomass,locationsurfpreds,1
g7,ndvi,1
gap,survey,1
gardenmean,gardenmeangasex,1
gardenmeangasex,mass,1
gas,transfer,1
gaz,flaring,1
gaz,industry,1
gc,reco,1
gc,t5cm,1
gc_er,gc_gpp,1
gc_nee,gc_er,1
gc2015,site,1
gcumolesco2,airt,1
geographic,sampling,1
geoid,height,1
geomorphology,longitude,1
glacier,center,1
glacier,daugaard,1
gmt,short,1
gpp_fqc,gc_nee,1
grain,type,1
gram,age_ka,1
gram,blank_corrected_10be_,1
grams,site,1
gray,ice,1
green,moss,1
grid,degree,1
grid,latitude,1
grid,sea,1
gridcell,time,1
growth,cm,1
growth,form,1
gust,speed,1
gw2014,site,1
habitat,freshwater,1
harvest,start,1
harvested,isotopesamplemass,1
harvested,latitude,1
hdx,tag,1
height,1,1
height,average,1
height,cm,1
height,maximum,1
height,significant,1
ho2no2,ho2no2,1
ho2no2,uncertainty,1
hobr,hobr,1
hobr,uncertainty,1
horizon,measured,1
hour,julian,1
hour,latitude,1
hpa,integrated,1
hpa,kg,1
humidity,wind,1
hyperboreus,data,1
hypobromous,acid,1
ice,dark,1
ice,data,1
ice,extent,1
ice,index,1
ice,melt,1
ice,section,1
ice,surface,1
ice,terms,1
ice,volume,1
iceberg,calving,1
icebridge,airborne,1
id,bone,1
id,delta,1
id,dynamic,1
id,labile,1
id,northing,1
id,sample,1
id,site,1
id,start,1
id,treatment,1
idenfier,day,1
identification,date,1
identification,station,1
identifier,citation,1
identifier,ice,1
identifier,latitude,1
identifier,plot,1
identifier,replicate,1
identifier,source,1
identifier,unique,1
identifier,vegetation,1
ii,iron,1
iii,lactate,1
illullip,sermia,1
image,acquisition,1
image,data,1
image,ice,1
image,pairs,1
imagej.num,inagej.file.name,1
incubated,shrub,1
incubated,tussock,1
index,ice,1
indiv,1to15,1
individual,plants,1
instrument,standard,1
integrated,aerosol,1
integrated,total,1
intensity,ca44,1
intensity,fe56,1
intensity,pamir,1
intsoilpreds,bacterialbiomass,1
intsurfpreds,avsoilmoisture,1
iodine,monobromide,1
iron,ii,1
iron,iii,1
isbrae,kangerlussuaq,1
isotope,comment,1
isotope,sample,1
isotopesamplemass,mg,1
jakobshavn,isbrae,1
january,2012,1
jensen,glacier,1
k_um,si_um,1
k_um,so4_um,1
kangerlussuaq,glacier,1
kelvins,temperature,1
kwh,geomorphology,1
la,ce,1
la,mother,1
lab,museum,1
labeled,plot,1
labile,carbon,1
lactate,acetate,1
lake,dissolved,1
landscape,position,1
latitude,center,1
latitude,sample_id,1
latitude,start,1
latitude,station,1
latitude,super,1
latitude_dd,longitude_dd,1
latitude_north,longitude_degrees_west,1
latitude_north,longitude_west,1
layer,d52003,1
layer,gw2014,1
layer,hardness,1
layer,nu2015,1
leader,growth,1
leaf,tissue,1
leaves,leaf,1
length,shape_length,1
length.mm,measured.status,1
li,sc,1
lidar,1,1
limit,applicable,1
line,vertex,1
litter,depth,1
litterbaglocation,litterpercentmoisture,1
litterpercentmassremaining,percentnremaining,1
litterpercentmoisture,litterpercentmassremaining,1
live,carbon,1
live,nitrogen,1
live,phosphorus,1
live,root,1
lm_age_ka,age_uncertainty_ka,1
lm_age_ka,lm_age_uncertainty,1
lm_age_uncertainty,ams_facility,1
locality,accelerator,1
locality,notes,1
location,colltype,1
location,day_postfire,1
location,frontal,1
location,growth,1
location,latitude,1
location,oribatidmites,1
location,plant,1
location,reference,1
location,start,1
location,vegetation,1
location,ww,1
locationsurfpreds,intsurfpreds,1
longitude,abundance,1
longitude,ammonium_1,1
longitude,chlorophyll,1
longitude,copepods_1,1
longitude,depth,1
longitude,description,1
longitude,detrital,1
longitude,diatoms_1,1
longitude,dissolved,1
longitude,flagellates_1,1
longitude,ice,1
longitude,image,1
longitude,iron,1
longitude,isotope,1
longitude,microzooplankton_1,1
longitude,nitrate_1,1
longitude,photosynthetically,1
longitude,predator,1
longitude,primary,1
longitude,silicate_1,1
longitude,super,1
longitude,time,1
longitude,unique,1
longitude,water,1
longitude,waterbodyname,1
longitude_dd,date,1
longitude_degrees_west,elevation_m_asl,1
longitude_west,elevation_m_asl,1
longitudinal,resistive,1
lost,porewater,1
low,low_se,1
low_se,mod,1
lower,left,1
lower,tropospheric,1
mapper,atm,1
maritime,transportation,1
mass,basis,1
mass,delta,1
mass,mass,1
mass,meanconductance,1
mass,percentage,1
mass,population,1
mass,remaining,1
mass,spectrometry,1
mass,start,1
mass,tiller,1
material,harvested,1
maximum,daily,1
maximum,depth,1
maximum,grain,1
maximum,thaw,1
maximum_cm,cv_,1
mbc,mbn,1
mbn,mbp,1
mbp,b_glucosidase,1
mean_thaw_cm,standard_devation_cm,1
meanci,ca,1
meanconductance,medianconductance,1
meangasex,mass,1
meaning,official,1
meaning,topographic,1
meastype,system,1
measured.status,reared.wild,1
measuredon_2013,08,1
measurement,entry,1
measurement,land,1
measurement,landscape,1
measurements,hour,1
measurements,ice,1
medianconductance,meanci,1
melt,ponds,1
melting,error,1
meter,height,1
meters,ammonia,1
meters,depth,1
meters,ice,1
meters,length,1
meters,nitric,1
meters,time,1
meters,water,1
method,age,1
method,comments,1
method,habitat,1
mg,cu,1
mg,d13c,1
mg,mg,1
mg25,intensity,1
microbial,respiration,1
microzooplankton_1,microzooplankton_2,1
microzooplankton_10,microzooplankton_11,1
microzooplankton_11,microzooplankton_12,1
microzooplankton_2,microzooplankton_3,1
microzooplankton_3,microzooplankton_4,1
microzooplankton_4,microzooplankton_5,1
microzooplankton_5,microzooplankton_6,1
microzooplankton_6,microzooplankton_7,1
microzooplankton_7,microzooplankton_8,1
microzooplankton_8,microzooplankton_9,1
microzooplankton_9,microzooplankton_10,1
mid,siberia,1
mille,delta,1
mille,error,1
mille,fraction,1
milligrams,10be_9be,1
minimum,daily,1
minimum,grain,1
minimum_cm,maximum_cm,1
minutes,longitude,1
minutes,west,1
mm,dd,1
mm,maximum,1
mm,snow,1
mmol,co2,1
mn,fe,1
mod,mod_se,1
model,station,1
modelled,age,1
modern,error,1
modern,fraction,1
modis,altitude,1
modis,effective,1
molar,ratio,1
mono,poly,1
monobromide,hypobromous,1
month,date,1
mortality,0,1
moss,cushion,1
moss,depth,1
mother,leaf,1
mother,weight,1
museum,specimen,1
n_acetyl_glucosaminidase,phosphatase,1
n_mass,ug,1
n_mg_per_g,p_mg_per_g,1
n_obs,gardenmean,1
n2o5,n2o5,1
n2o5,uncertainty,1
nav,terms,1
ndvi1,ndvi2,1
ndvi2,ndvim,1
ndvim,lai,1
net,ecosystem,1
net,snowfall,1
netrl_avg,albedo_avg,1
netrs_avg,netrl_avg,1
nh4,availability,1
nh4,mg,1
nitrate,blank,1
nitrate,day,1
nitrate_1,nitrate_2,1
nitrate_10,nitrate_11,1
nitrate_11,nitrate_12,1
nitrate_2,nitrate_3,1
nitrate_3,nitrate_4,1
nitrate_4,nitrate_5,1
nitrate_5,nitrate_6,1
nitrate_6,nitrate_7,1
nitrate_7,nitrate_8,1
nitrate_8,nitrate_9,1
nitrate_9,nitrate_10,1
nitrate_blankcorrected,phosphate_blankcorrected,1
nitrate_per_day,phosphate_per_day,1
nitrogen,15,1
nitrogen,concentration,1
nitrogen,data,1
nitrogen,molar,1
nitrogen,nh4,1
nitrogen,total,1
nitrogen_1,detrital,1
nitrogen_1,dissolved,1
nitrogen_10,detrital,1
nitrogen_10,dissolved,1
nitrogen_11,detrital,1
nitrogen_11,dissolved,1
nitrogen_2,detrital,1
nitrogen_2,dissolved,1
nitrogen_3,detrital,1
nitrogen_3,dissolved,1
nitrogen_4,detrital,1
nitrogen_4,dissolved,1
nitrogen_5,detrital,1
nitrogen_5,dissolved,1
nitrogen_6,detrital,1
nitrogen_6,dissolved,1
nitrogen_7,detrital,1
nitrogen_7,dissolved,1
nitrogen_8,detrital,1
nitrogen_8,dissolved,1
nitrogen_9,detrital,1
nitrogen_9,dissolved,1
nm,absorbance,1
nm,chlorophyll,1
nm,integrated,1
no3,availability,1
no3,mg,1
nominal,dates,1
north,latitude,1
northing,elevation,1
northness,potential,1
notes,collection,1
notes,date,1
nu2015,site,1
number.of.nodes,file.name,1
object,id,1
observation,depth,1
observation,latitude,1
observation,soil,1
observed,fac10,1
observed,glacier,1
observed,ice,1
oc,soc_14c,1
ocean,processed,1
operation,icebridge,1
ordinal,data,1
org,layer,1
organic,horizon,1
oribatidmites,predatorymites,1
original,firn,1
oxalate,citrate,1
oxygen,concentration,1
p_mg_per_g,k_mg_per_g,1
pairs,nominal,1
paleogenomics,lab,1
par,sami,1
par,t_5cm,1
par,temp,1
par,water,1
particle,phase,1
pb,bi,1
pco2,latitude,1
pco2,super,1
pco2,total,1
pco2,water,1
pco2,wind,1
peat,plateau,1
percent,calcium,1
percent,carbon,1
percent,divide,1
percent,nitrogen,1
percent,organic,1
percentile,duration,1
percentnremaining,block,1
period,1,1
period,average,1
period,maximum,1
period,wave,1
permeability,density,1
ph,conductivity,1
ph,raw,1
ph,redox,1
ph,salinity,1
phase,float,1
pheophytin,ug,1
phosphatase,extractable_oragnic_c,1
phosphate,ammonium,1
phosphate,ammonium_blankcorrected,1
phosphate,blank,1
phosphate,day,1
phosphate_blankcorrected,ammonium_per_day,1
phosphorus,chlorine,1
photo_umol_m,2_s,1
phycoerythrin,concentration,1
pit,tag,1
pixel,degree,1
pixel,longitude,1
pixels,specific,1
plant,functional,1
plateau,coastal,1
plfa,plfa_c_normal,1
plfa_2,14c_plfa,1
plfa_c_normal,plfa_2,1
plot,class,1
plot,dry,1
plot,identifier,1
plot,pair,1
plot,population,1
plot,species,1
plot,subplot,1
plot,time,1
plot,tr_length,1
plot,yearremoved,1
plots,ordinal,1
plots,size,1
plots,total,1
po4,availability,1
po4,mg,1
polder,cloud,1
polder,instrument,1
poly,sat,1
pop_id,date,1
pop_id,latitude,1
population,site,1
population,warmed,1
porewater,volume,1
position,ammonia,1
position,julian,1
position,soil,1
post,treatment,1
potential,evaoptranspiration,1
potential,solar,1
pr,pb,1
pre,treatment,1
precip,g1_f,1
precipitation,totals,1
precision,data,1
predator,zooplankton_1,1
predator,zooplankton_10,1
predator,zooplankton_11,1
predator,zooplankton_12,1
predator,zooplankton_2,1
predator,zooplankton_3,1
predator,zooplankton_4,1
predator,zooplankton_5,1
predator,zooplankton_6,1
predator,zooplankton_7,1
predator,zooplankton_8,1
predator,zooplankton_9,1
predatorymites,intsoilpreds,1
press_atm,sdensity,1
pressure,barometric,1
pressure,cloud,1
pressure,lower,1
pressure,wind,1
primary,amine,1
primary,productivity_1,1
primary,productivity_10,1
primary,productivity_11,1
primary,productivity_12,1
primary,productivity_2,1
primary,productivity_3,1
primary,productivity_4,1
primary,productivity_5,1
primary,productivity_6,1
primary,productivity_7,1
primary,productivity_8,1
primary,productivity_9,1
priority,chemistry,1
processed,date,1
processed,snow,1
productivity_1,primary,1
productivity_10,primary,1
productivity_11,primary,1
productivity_2,primary,1
productivity_3,primary,1
productivity_4,primary,1
productivity_5,primary,1
productivity_6,primary,1
productivity_7,primary,1
productivity_8,primary,1
productivity_9,primary,1
profile,bed,1
profile,centerline,1
profile,date,1
profile,depth,1
profile,geoid,1
profile,line,1
profile,longitudinal,1
profile,operation,1
profile,strain,1
profile,volume,1
qc_ch4_flux,ch4_flux_f,1
qc_ch4_flux,ch4_flux_gf,1
qc_ch4_flux_f,ch4_flux_gf,1
qc_ch4_flux_gf,rssi,1
qc_fc_cwu_gf,le_cw_f,1
quartz_g,9be_added_mg,1
quartz_g,be_9_added,1
quartz_g,carrier_added_g,1
quartz_g,carrier_g,1
radiation,dew,1
radiation,kwh,1
radiation,solar,1
radiation_1,photosynthetically,1
radiation_10,photosynthetically,1
radiation_11,photosynthetically,1
radiation_2,photosynthetically,1
radiation_3,photosynthetically,1
radiation_4,photosynthetically,1
radiation_5,photosynthetically,1
radiation_6,photosynthetically,1
radiation_7,photosynthetically,1
radiation_8,photosynthetically,1
radiation_9,photosynthetically,1
rain,temperature,1
rainfall,water,1
ramet,leaves,1
ramet,mother,1
range,sample,1
rate,eigenvalues,1
rate,iceberg,1
rate,measurement,1
ratio,collection,1
ratio,dry,1
ratio,ice,1
ratio,water,1
ratio_uncertainty,10be_concentration,1
ratio_uncertainty,10be_concetration,1
ratios,analytical,1
ratios,paleoprecipitation,1
ratios,precipitation,1
raw,voltage,1
rbr,serial,1
reaction,wavelength,1
reading,background,1
reared.wild,imagej.num,1
recorded,conductivity,1
recorded,current,1
recorded,instrument,1
recorded,salinity,1
recorded,water,1
redox,potential,1
reducing,sugars,1
region,sitename,1
relative,cover,1
relative,humidity,1
relative_sensor_azimuth_angle,short,1
replicate,1,1
replicate,2,1
replicate,plots,1
replicates,snow,1
residential,combustion,1
resistive,stress,1
resp_umol_m,2_s,1
retrieved,rbr,1
rh_avg,bp_mbar_avg,1
rhizomes,plant,1
rrna,cell,1
rssi,ch4_mol_fraction,1
rssi,ch4_mole_fraction,1
rssi,diag_77_mean,1
run,wt,1
s_c1_10,s_c1_2,1
s_c1_2,s_c1_20,1
s_c1_20,s_c2_10,1
s_c2_10,s_c2_2,1
s_c2_2,s_c2_20,1
s_c2_20,s_s1_10,1
s_s1_10,s_s1_2,1
s_s1_2,s_s2_10,1
s_s2_10,s_s2_2,1
s_s2_2,s_t1_10,1
s_t1_10,s_t1_2,1
s_t1_2,s_t2_10,1
s_t2_10,s_t2_2,1
s_t2_2,t_c1_10,1
saline,site,1
salinity,conductivity,1
salinity,data,1
salinity,quality,1
salinity,sensor,1
salinity,specific,1
salinity,speed,1
salinity,station,1
salinity,super,1
salt,sulfur,1
sample,collection,1
sample,date,1
sample,deuterium,1
sample,dry,1
sample,inlet,1
sample,longitude,1
sample,precision,1
sample,sample,1
sample,site,1
sample,type,1
sample_id,carrier_g,1
sample_id,latitude,1
sample_id,pop_id,1
sample_id,sample,1
samples,applied,1
sampling,date,1
sampling,geographic,1
sandvi,dist_corr,1
santa,cruz,1
satellite,stereo,1
saturation,phycoerythrin,1
sc,ag,1
sdensity,gc,1
sea,ice,1
sea,salt,1
sea_ice_thickness,toa_net_downward_shortwave_flux,1
seawater,sample,1
section,replicates,1
segy,filename,1
sensor,depth,1
sensor,site,1
sensor,unique,1
september,april,1
september,measured,1
september,thickness,1
sermia,ice,1
setting,timestamp,1
sex,tl,1
sg_cf1_,10,1
sg_cf1_,2,1
sg_cf1_20,sg_cf2_,1
sg_cf2_,10,1
sg_cf2_,2,1
sg_cf2_20,sg_sg1_20,1
sg_sg1_,10,1
sg_sg1_,2,1
sg_sg1_20,sg_sg1_,1
sg_sg2_,10,1
sg_sg2_,2,1
sg_tl1_,10,1
sg_tl1_,2,1
sg_tl1_20,sg_tl1_,1
sg_tl2_,10,1
sg_tl2_,2,1
shape,length,1
ship,identification,1
shoreline,forest,1
short,cdr_cloud_binary_mask,1
short,cloud_type,1
short,gmt,1
short,sfctype,1
short,ssa,1
short,surface_type,1
shot,identifier,1
shot,location,1
shrub,samples,1
si_um,so4_um,1
silicate_1,silicate_2,1
silicate_10,silicate_11,1
silicate_11,silicate_12,1
silicate_2,silicate_3,1
silicate_3,silicate_4,1
silicate_4,silicate_5,1
silicate_5,silicate_6,1
silicate_6,silicate_7,1
silicate_7,silicate_8,1
silicate_8,silicate_9,1
silicate_9,silicate_10,1
sisusoidal,gridcell,1
site,block,1
site,description,1
site,lat,1
site,latitude,1
site,location,1
site,thawed,1
site,trt,1
site,unique,1
site_id,hdx,1
site_id,pop_id,1
site_id,sample_id,1
site.code,site.name,1
site.id,family,1
site.name,lat,1
sitename,latitude,1
sitetype,latitude,1
size,class,1
size,classes,1
slope,deg,1
slope,notes,1
snow,density,1
snow,firn,1
snow,grain,1
snow,ice,1
snow,sample,1
snow,surface,1
snow_plot,press_atm,1
snow_subplot,snow_plot,1
snowdepth,conditionnote,1
snowdepth,snowdensity,1
snowfall,maximum,1
so4,mg,1
soc_14c,ext_res_14c,1
soil,microbial,1
soil,sensor,1
soil,thaw,1
soil,wet,1
soil_depth,mbc,1
solar_zenith_angle,relative_sensor_azimuth_angle,1
solar_zenith_angle,sea_ice_thickness,1
sonar,depth,1
sound,station,1
source,biomass,1
source,distance,1
source,fossil,1
south,east,1
south,west,1
species,average,1
species,mortality,1
species,percentage,1
species,relative,1
species,tissue,1
species,treatment,1
species,unique,1
specimen,id,1
spectrometry,facility,1
speed,bearing,1
speed,gust,1
speed,velocity,1
sr,cd,1
ssa,solar_zenith_angle,1
stability,temperature,1
standard_devation_cm,standard_error_cm,1
start,air,1
start,date,1
start,dry,1
station,identifier,1
station,type,1
stationname,sitetype,1
stdev,ammonium,1
stdev,nitrate,1
stdev,nitrite,1
stdev,phosphate,1
stdev,silicate,1
strain,rate,1
stress,1,1
study,location,1
study,site,1
submarine,melting,1
submerged,ice,1
subplot,snow_subplot,1
sugars,no3,1
sulphate,concentration,1
summer,snow,1
super,16,1
surface,minimum,1
surface,snow,1
surface,velocity,1
surface_albedo,surface_downwelling_shortwave_flux,1
surface_downwelling_longwave_flux,surface_upwelling_shortwave_flux,1
surface_downwelling_shortwave_flux,surface_downwelling_longwave_flux,1
surface_shortwave_cloud_radiative_forcing,float,1
surface_temperature,surface_albedo,1
surface_type,cloud,1
surface_upwelling_longwave_flux,short,1
surface_upwelling_shortwave_flux,surface_upwelling_longwave_flux,1
survey,unique,1
swc_2_f,agc,1
system,date,1
t_40cm,ambient,1
t_c1_10,t_c1_2,1
t_c1_2,t_c2_10,1
t_c2_10,t_c2_2,1
t_c2_2,t_c2_20,1
t_c2_20,t_s1_10,1
t_s1_10,t_s1_2,1
t_s1_2,t_s2_10,1
t_s2_10,t_s2_2,1
t_s2_2,t_t1_10,1
t_t1_10,t_t1_2,1
t_t1_2,t_t2_10,1
t_t2_10,t_t2_2,1
t_t2_2,date,1
t10cm,t20cm,1
t20cm,t40cm,1
t40cm,air_temp,1
t5cm,t10cm,1
table,elevation,1
tag,floy,1
tag,pit,1
tag,sex,1
tar100_allele1,tar100_allele2,1
tar100_allele2,tar101_allele1,1
tar101_allele1,tar101_allele2,1
tar101_allele2,tar104_allele1,1
tar103_allele1,tar103_allele2,1
tar103_allele2,tar105_allele1,1
tar104_allele1,tar104_allele2,1
tar104_allele2,tar110_allele1,1
tar105_allele1,tar105_allele2,1
tar105_allele2,tar106_allele1,1
tar106_allele1,tar106_allele2,1
tar106_allele2,tar109_allele1,1
tar108_allele1,tar108_allele2,1
tar108_allele2,watershed,1
tar109_allele1,tar109_allele2,1
tar109_allele2,tar100_allele1,1
tar110_allele1,tar110_allele2,1
tar110_allele2,tar115_allele1,1
tar112_allele1,tar112_allele2,1
tar112_allele2,tar114_allele1,1
tar114_allele1,tar114_allele2,1
tar114_allele2,tar108_allele1,1
tar115_allele1,tar115_allele2,1
tar115_allele2,tar112_allele1,1
tcm,serial,1
td,flower,1
td,notes,1
temp,delta,1
temp,fs,1
temp0_avg,temp25_avg,1
temp1_avg,temp2_avg,1
temp2_avg,temp3_avg,1
temp25_avg,temp50_avg,1
temp3_avg,temp4_avg,1
temp4_avg,temp5_avg,1
temp5_avg,temp6_avg,1
temp50_avg,temp75_avg,1
temp6_avg,temp7_avg,1
temp7_avg,temp8_avg,1
temp75_avg,temp1_avg,1
temperature,anomaly,1
temperature,average,1
temperature,celsius,1
temperature,cloud,1
temperature,current,1
temperature,data,1
temperature,gas,1
temperature,height,1
temperature,labile,1
temperature,latitude,1
temperature,minimum,1
temperature,northing,1
temperature,observation,1
temperature,par,1
temperature,ph,1
temperature,photosynthetically,1
temperature,precipitation,1
temperature,quality,1
temperature,relative,1
temperature,sample,1
temperature,station,1
temperature,transect,1
temperature,uncertainty,1
temptmt,litterbaglocation,1
temptmt,totaln,1
terms,nav,1
terms,url,1
thaw_depth_uncorr,thaw_corr,1
thickness,date,1
thickness,depth,1
thin,gray,1
threshold,percentile,1
threshold,wind,1
tidal,slope,1
tillers,total,1
time,1,1
time,2,1
time,24,1
time,3,1
time,4,1
time,6,1
time,7,1
time,air,1
time,c_c1_10,1
time,cf_cf1_,1
time,collected,1
time,deployed,1
time,incubation,1
time,pco2,1
time,population,1
time,retrieved,1
time,soil,1
time,specific,1
time,speed,1
time,surface_temperature,1
time,temperature,1
time,toa_bidirectional_reflectance,1
time,water,1
timestamp,airtc_avg,1
tissue,dry,1
tissue,sample,1
tissue,type,1
tissues,collected,1
tl,cm,1
tl_cf1_,2,1
tl_cf1_20,tl_cf2_,1
tl_cf2_,10,1
tl_cf2_,2,1
tl_cf2_20,tl_cf2_,1
tl_sg1_,2,1
tl_sg1_20,tl_sg1_,1
tl_sg2_,10,1
tl_sg2_,2,1
tl_sg2_20,tl_tl1_20,1
tl_tl1_,2,1
tl_tl1_20,tl_tl1_,1
tl_tl2_,10,1
tl_tl2_,2,1
tle_14c,plfa,1
toa_bidirectional_reflectance,brightness_temperature,1
toa_bidirectional_reflectance,toa_bidirectional_reflectance,1
toa_net_downward_shortwave_flux,toa_outgoing_shortwave_flux,1
toa_outgoing_longwave_flux,short,1
toa_outgoing_shortwave_flux,toa_outgoing_longwave_flux,1
top,cloud,1
topographic,mapper,1
total,aerosol,1
total,biomass,1
total,daily,1
total,firn,1
total,free,1
total,image,1
total,reducing,1
total_c,total_n,1
total_extractable_n,nh4,1
total_n,total_p,1
totalk,avsoilmoisture,1
totaln,totalnh4,1
totalnh4,totalno3,1
totalno3,totalp,1
totalp,totalk,1
totals,potential,1
training,dataset,1
transect,date,1
transect,site,1
transect,thawed,1
transportation,aod,1
treatment,efflux,1
treatment,plant,1
treatment,pre,1
treatment,snow,1
treatment,thaw,1
treatment,unique,1
treatment.temperature,days.post.fert,1
tree,date,1
tree,photo_umol_m,1
tree,resp_umol_m,1
tree,snow,1
tropospheric,stability,1
trt,location,1
trt,measuredon_2013,1
trt,rep,1
ttf,date,1
tussock,meastype,1
tussock,population,1
tussock,samples,1
type,category,1
type,data,1
type,date,1
type,dry,1
type,identifier,1
type,layer,1
type,longitude,1
type,observed,1
type,plant,1
type,seawater,1
uc,santa,1
ug,d15n,1
um,sample,1
umolesco2,snowdepth_gapfilled,1
uncertainty,br2,1
uncertainty,brcl,1
uncertainty,bro,1
uncertainty,cl2,1
uncertainty,clno2,1
uncertainty,ho2no2,1
uncertainty,hobr,1
uncertainty,ice,1
uncertainty,lm_age_ka,1
uncertainty,n2o5,1
uncertainty,o3,1
uncertainty,temp,1
uncertainty,temperature,1
unique,idenfier,1
unique,plot,1
unit,reaction,1
upper,depth,1
upper,left,1
utc,time,1
v0,flowers,1
v1,v0,1
va,ppb,1
vapor,oxygen,1
vapor,δ18o,1
vapor,δd,1
vegetation,class,1
velocity,1,1
velocity,data,1
velocity,maps,1
velocity,speed,1
velocity,station,1
version,version,1
vertex,coordinates,1
visual,classification,1
voltage,temperature,1
volume,cm3,1
volume,corrected,1
volume,data,1
volume,water,1
warm,par,1
warming,ndvi1,1
warming,par,1
waste,burning,1
water,body,1
water,depth,1
water,equivalence,1
water,ocean,1
water,table,1
waterbodyname,water,1
watershed,site_id,1
watershed,site.id,1
wave,energy,1
wavelength,detection,1
weather,station,1
weight,mother,1
weight,total,1
west,america,1
west,siberia,1
west,water,1
wet,mass,1
wgs84,ellipsoid,1
width,cm,1
wind,direction,1
wind,event,1
winddir_d1_wvt,winddir_sd1_wvt,1
winddir_sd1_wvt,cm3up_avg,1
winter,snow,1
worldview,ice,1
worldview,satellite,1
worldview,stereo,1
ws_ms_avg,ws_ms_max,1
ws_ms_max,ws_ms_s_wvt,1
ws_ms_s_wvt,winddir_d1_wvt,1
wt,cncode,1
wtd,td,1
ww,dry,1
year_ce,annual,1
yearremoved,spidertmt,1
yyyy,block,1
zn,si,1
zooplankton_1,predator,1
zooplankton_10,predator,1
zooplankton_11,predator,1
zooplankton_2,predator,1
zooplankton_3,predator,1
zooplankton_4,predator,1
zooplankton_5,predator,1
zooplankton_6,predator,1
zooplankton_7,predator,1
zooplankton_8,predator,1
zooplankton_9,predator,1
δ18o,water,1
δd,water,1
ω_aragonite,decimal,1
